===== NUMA topology on this box =====
CPU(s):                                  64
Model name:                              Intel(R) Xeon(R) Gold 6346 CPU @ 3.10GHz
Thread(s) per core:                      2
Core(s) per socket:                      16
Socket(s):                               2
NUMA node(s):                            2
NUMA node0 CPU(s):                       0-15,32-47
NUMA node1 CPU(s):                       16-31,48-63

./runModular_local_calibrate.sh: line 32: numactl: command not found
(numactl not available - relying on lscpu above; physical-core IDs are 0-31, see header comment)
======================================

===== building modular (run_min) =====
-- The Fortran compiler identification is IntelLLVM 2025.0.0
-- Detecting Fortran compiler ABI info
-- Detecting Fortran compiler ABI info - done
-- Check for working Fortran compiler: /opt/intel/oneapi/mpi/2021.14/bin/mpiifx - skipped
-- Build type: Release
-- Fortran compiler          : /opt/intel/oneapi/mpi/2021.14/bin/mpiifx
-- Fortran compiler ID       : IntelLLVM
-- Fortran compiler basename : mpiifx
-- Using MPI wrapper         : TRUE
-- MPI provided by wrapper: mpiifx
-- Executable will be: /home/jdeguire/LePIC_antenna/build/run_min
-- Configuring done (0.8s)
-- Generating done (0.0s)
-- Build files have been written to: /home/jdeguire/LePIC_antenna/build
[  2%] Building Fortran object CMakeFiles/core_deps.dir/modules/core/mod_constants.f90.o
[  4%] Building Fortran object CMakeFiles/core_deps.dir/modules/core/mod_utils.f90.o
[  6%] Building Fortran object CMakeFiles/core_deps.dir/modules/core/mod_RNG.f90.o
[  6%] Built target core_deps
[  8%] Building Fortran object CMakeFiles/config_base.dir/modules/config/mod_config.f90.o
[  8%] Built target config_base
[ 10%] Building Fortran object CMakeFiles/geometry_base.dir/modules/geometry/mod_domain.f90.o
[ 10%] Built target geometry_base
[ 12%] Building Fortran object CMakeFiles/fields_base.dir/modules/fields/mod_density.f90.o
[ 14%] Building Fortran object CMakeFiles/fields_base.dir/modules/fields/mod_fields.f90.o
[ 14%] Built target fields_base
[ 16%] Building Fortran object CMakeFiles/pic_core_obj.dir/modules/collisions/mod_collisionDiagnostics.f90.o
[ 18%] Building Fortran object CMakeFiles/pic_core_obj.dir/modules/core/mod_part_info.f90.o
[ 20%] Building Fortran object CMakeFiles/pic_core_obj.dir/modules/fields/mod_PoissonDecomposition.f90.o
[ 22%] Building Fortran object CMakeFiles/pic_core_obj.dir/modules/config/mod_readConditions.f90.o
[ 24%] Building Fortran object CMakeFiles/pic_core_obj.dir/modules/particles/mod_particles.f90.o
[ 28%] Building Fortran object CMakeFiles/pic_core_obj.dir/modules/fields/mod_charge_weights.f90.o
[ 28%] Building Fortran object CMakeFiles/pic_core_obj.dir/modules/core/mod_intro.f90.o
[ 30%] Building Fortran object CMakeFiles/pic_core_obj.dir/modules/geometry/mod_generateBoundary.f90.o
[ 32%] Building Fortran object CMakeFiles/pic_core_obj.dir/modules/particles/mod_chemistryState.f90.o
[ 36%] Building Fortran object CMakeFiles/pic_core_obj.dir/modules/fields/mod_magneticField.f90.o
[ 36%] Building Fortran object CMakeFiles/pic_core_obj.dir/modules/fields/mod_electricField.f90.o
[ 38%] Building Fortran object CMakeFiles/pic_core_obj.dir/modules/collisions/mod_DSMCcollisions.f90.o
[ 40%] Building Fortran object CMakeFiles/pic_core_obj.dir/modules/collisions/mod_collisionUtilities.f90.o
[ 42%] Building Fortran object CMakeFiles/pic_core_obj.dir/modules/io/mod_output_2d.f90.o
/home/jdeguire/LePIC_antenna/modules/collisions/mod_DSMCcollisions.f90: remark #5133: The input stream is empty
/home/jdeguire/LePIC_antenna/modules/collisions/mod_collisionUtilities.f90: remark #5133: The input stream is empty
[ 44%] Building Fortran object CMakeFiles/pic_core_obj.dir/modules/particles/mod_reactions.f90.o
[ 46%] Building Fortran object CMakeFiles/pic_core_obj.dir/modules/core/mod_debug_checks.f90.o
[ 48%] Building Fortran object CMakeFiles/pic_core_obj.dir/modules/fields/mod_PoissonSolver_legacy.f90.o
[ 51%] Building Fortran object CMakeFiles/pic_core_obj.dir/modules/geometry/mod_boundary.f90.o
[ 53%] Building Fortran object CMakeFiles/pic_core_obj.dir/modules/collisions/mod_BMCCcollisions.f90.o
[ 55%] Building Fortran object CMakeFiles/pic_core_obj.dir/modules/fields/mod_chargeDeposition.f90.o
[ 57%] Building Fortran object CMakeFiles/pic_core_obj.dir/modules/collisions/mod_CoulombCollisions.f90.o
[ 59%] Building Fortran object CMakeFiles/pic_core_obj.dir/modules/collisions/mod_collisionProducts.f90.o
[ 61%] Building Fortran object CMakeFiles/pic_core_obj.dir/modules/collisions/mod_collisionsGwenael.f90.o
[ 65%] Building Fortran object CMakeFiles/pic_core_obj.dir/modules/particles/mod_heating.f90.o
[ 65%] Building Fortran object CMakeFiles/pic_core_obj.dir/modules/particles/mod_particle_loader.f90.o
[ 67%] Building Fortran object CMakeFiles/pic_core_obj.dir/modules/particles/mod_particle_sorting.f90.o
[ 69%] Building Fortran object CMakeFiles/pic_core_obj.dir/modules/particles/mod_particleBC.f90.o
[ 71%] Building Fortran object CMakeFiles/pic_core_obj.dir/modules/particles/mod_injection.f90.o
[ 73%] Building Fortran object CMakeFiles/pic_core_obj.dir/modules/io/mod_restart.f90.o
[ 75%] Building Fortran object CMakeFiles/pic_core_obj.dir/modules/collisions/mod_MCCcollisions.f90.o
[ 77%] Building Fortran object CMakeFiles/pic_core_obj.dir/modules/particles/mod_reactionsDB.f90.o
[ 79%] Building Fortran object CMakeFiles/pic_core_obj.dir/modules/particles/mod_particleMover.f90.o
[ 81%] Building Fortran object CMakeFiles/pic_core_obj.dir/modules/collisions/mod_collisions.f90.o
[ 83%] Building Fortran object CMakeFiles/pic_core_obj.dir/modules/simulation/mod_simParams.f90.o
[ 85%] Building Fortran object CMakeFiles/pic_core_obj.dir/modules/particles/mod_planeMoments.f90.o
[ 87%] Building Fortran object CMakeFiles/pic_core_obj.dir/modules/core/mod_state.f90.o
[ 89%] Building Fortran object CMakeFiles/pic_core_obj.dir/modules/simulation/mod_simulation.f90.o
[ 89%] Built target pic_core_obj
[ 91%] Building Fortran object CMakeFiles/legacy_mg.dir/modules/legacy/pdesolver.f90.o
[ 93%] Building Fortran object CMakeFiles/legacy_mg.dir/modules/legacy/mg.f90.o
[ 95%] Building Fortran object CMakeFiles/legacy_mg.dir/modules/legacy/sors.f90.o
[ 95%] Built target legacy_mg
[ 97%] Building Fortran object CMakeFiles/run_min.dir/modules/main/main.f90.o
[100%] Linking Fortran executable run_min
[100%] Built target run_min
===== building legacy (3dphpic.exe) =====
mpiifx -O3 -no-prec-div -flto -m64 -xHost -qopenmp -auto -fp-model fast=2 -unroll  -c  -o collisions.o collisions.f90
mpiifx -O3 -no-prec-div -flto -m64 -xHost -qopenmp -auto -fp-model fast=2 -unroll  -c  -o load_part.o load_part.f90
mpiifx -O3 -no-prec-div -flto -m64 -xHost -qopenmp -auto -fp-model fast=2 -unroll  -c  -o pdesolver.o pdesolver.f90
mpiifx -O3 -no-prec-div -flto -m64 -xHost -qopenmp -auto -fp-model fast=2 -unroll  -c  -o part_expmover.o part_expmover.f90 
mpiifx -O3 -no-prec-div -flto -m64 -xHost -qopenmp -auto -fp-model fast=2 -unroll  -c  -o calc_rho.o calc_rho.f90
mpiifx -O3 -no-prec-div -flto -m64 -xHost -qopenmp -auto -fp-model fast=2 -unroll  -c  -o ran2.o ran2.f90
mpiifx -O3 -no-prec-div -flto -m64 -xHost -qopenmp -auto -fp-model fast=2 -unroll  -c  -o utils.o utils.f90
mpiifx -O3 -no-prec-div -flto -m64 -xHost -qopenmp -auto -fp-model fast=2 -unroll  -c  -o read_reactions.o read_reactions.f90
mpiifx -O3 -no-prec-div -flto -m64 -xHost -qopenmp -auto -fp-model fast=2 -unroll  -c  -o indexx.o indexx.f90
mpiifx -O3 -no-prec-div -flto -m64 -xHost -qopenmp -auto -fp-model fast=2 -unroll  -c  -o read_input.o read_input.f90
mpiifx -O3 -no-prec-div -flto -m64 -xHost -qopenmp -auto -fp-model fast=2 -unroll  -c  -o generate_boundary.o generate_boundary.f90
mpiifx -O3 -no-prec-div -flto -m64 -xHost -qopenmp -auto -fp-model fast=2 -unroll  -c  -o mg.o mg.f90 
mpiifx -O3 -no-prec-div -flto -m64 -xHost -qopenmp -auto -fp-model fast=2 -unroll  -c  -o sors.o sors.f90 
mpiifx -O3 -no-prec-div -flto -m64 -xHost -qopenmp -auto -fp-model fast=2 -unroll  -c  -o Efield.o Efield.f90 
mpiifx -O3 -no-prec-div -flto -m64 -xHost -qopenmp -auto -fp-model fast=2 -unroll  -c  -o restart.o restart.f90 
mpiifx -O3 -no-prec-div -flto -m64 -xHost -qopenmp -auto -fp-model fast=2 -unroll  -c  -o part_flux_injection.o part_flux_injection.f90 
mpiifx -O3 -no-prec-div -flto -m64 -xHost -qopenmp -auto -fp-model fast=2 -unroll  -c  -o Bfield.o Bfield.f90 
mpiifx -O3 -no-prec-div -flto -m64 -xHost -qopenmp -auto -fp-model fast=2 -unroll  -c  -o write_data.o write_data.f90 
mpiifx -O3 -no-prec-div -flto -m64 -xHost -qopenmp -auto -fp-model fast=2 -unroll  -c  -o part_injection.o part_injection.f90 
mpiifx -O3 -no-prec-div -flto -m64 -xHost -qopenmp -auto -fp-model fast=2 -unroll  -c  -o sorting.o sorting.f90 
cp  3dphpic.exe ../. 
cp: cannot stat '3dphpic.exe': No such file or directory
make: *** [Makefile:23: install] Error 1
make: *** Waiting for unfinished jobs....
mpiifx -O3 -no-prec-div -flto -m64 -xHost -qopenmp -auto -fp-model fast=2 -unroll  -c  -o main.o main.f90
mpiifx -O3 -no-prec-div -flto -m64 -xHost -qopenmp -auto -fp-model fast=2 -unroll  -o 3dphpic.exe main.o load_part.o pdesolver.o part_expmover.o calc_rho.o ran2.o utils.o collisions.o read_reactions.o indexx.o read_input.o generate_boundary.o mg.o sors.o Efield.o restart.o part_flux_injection.o Bfield.o write_data.o part_injection.o sorting.o
cp  3dphpic.exe ../. 
rm -f  *~ *.o *.il *genmod* 3dphpic.exe
--- modular: MPI=2 x OMP=16 (= 32 cores, OMP_PLACES=cores) ---
 TIME STEP 1 -->    0.001 us
 TIME STEP 1 -->    0.001 us
 TIME STEP 6 -->    0.004 us
 TIME STEP 6 -->    0.004 us
 poisson    (ms) =   117.7
 mover      (ms) =   515.0
 total      (ms) =  1630.4
 ----- OMP load imbalance across iproc (min/avg/max, max/avg ratio) -----
  mover_push(ms) min=  368.40 avg=  377.22 max=  385.87 max/avg= 1.023
  dep_loop(ms)   min=  124.02 avg=  127.33 max=  129.14 max/avg= 1.014
 poisson    (ms) =   145.8
 mover      (ms) =   511.5
 total      (ms) =  1627.1
 ----- OMP load imbalance across iproc (min/avg/max, max/avg ratio) -----
  mover_push(ms) min=  368.45 avg=  374.30 max=  381.48 max/avg= 1.019
  dep_loop(ms)   min=  125.52 avg=  128.04 max=  130.07 max/avg= 1.016
 TIME STEP 11 -->    0.007 us
 TIME STEP 11 -->    0.007 us
 poisson    (ms) =   119.9
 mover      (ms) =   354.2
 total      (ms) =   702.4
 ----- OMP load imbalance across iproc (min/avg/max, max/avg ratio) -----
  mover_push(ms) min=  264.54 avg=  266.42 max=  271.02 max/avg= 1.017
  dep_loop(ms)   min=   80.08 avg=   81.63 max=   83.15 max/avg= 1.019
 poisson    (ms) =   153.9
 mover      (ms) =   388.2
 total      (ms) =   702.4
 ----- OMP load imbalance across iproc (min/avg/max, max/avg ratio) -----
  mover_push(ms) min=  257.93 avg=  267.61 max=  305.45 max/avg= 1.141
  dep_loop(ms)   min=   72.15 avg=   79.15 max=   82.71 max/avg= 1.045
 TIME STEP 16 -->    0.010 us
 TIME STEP 16 -->    0.010 us
 poisson    (ms) =   119.3
 mover      (ms) =   350.2
 total      (ms) =  1346.1
 ----- OMP load imbalance across iproc (min/avg/max, max/avg ratio) -----
  mover_push(ms) min=  256.89 avg=  260.52 max=  271.22 max/avg= 1.041
  dep_loop(ms)   min=   73.83 avg=   77.25 max=   78.98 max/avg= 1.022
 poisson    (ms) =   151.3
 mover      (ms) =   337.2
 total      (ms) =  1346.1
 ----- OMP load imbalance across iproc (min/avg/max, max/avg ratio) -----
  mover_push(ms) min=  253.41 avg=  254.66 max=  256.36 max/avg= 1.007
  dep_loop(ms)   min=   78.00 avg=   78.86 max=   80.88 max/avg= 1.026
 TIME STEP 21 -->    0.013 us
 TIME STEP 21 -->    0.013 us
 poisson    (ms) =   123.3
 mover      (ms) =   353.5
 total      (ms) =   678.5
 ----- OMP load imbalance across iproc (min/avg/max, max/avg ratio) -----
  mover_push(ms) min=  263.80 avg=  265.66 max=  271.10 max/avg= 1.020
  dep_loop(ms)   min=   78.63 avg=   80.94 max=   82.39 max/avg= 1.018
 poisson    (ms) =   161.5
 mover      (ms) =   345.0
 total      (ms) =   678.4
 ----- OMP load imbalance across iproc (min/avg/max, max/avg ratio) -----
  mover_push(ms) min=  259.48 avg=  260.56 max=  261.85 max/avg= 1.005
  dep_loop(ms)   min=   80.69 avg=   81.61 max=   83.17 max/avg= 1.019
 TIME STEP 26 -->    0.016 us
 TIME STEP 26 -->    0.016 us
 poisson    (ms) =   118.8
 mover      (ms) =   337.5
 total      (ms) =  1328.2
 ----- OMP load imbalance across iproc (min/avg/max, max/avg ratio) -----
  mover_push(ms) min=  256.61 avg=  257.33 max=  258.29 max/avg= 1.004
  dep_loop(ms)   min=   77.25 avg=   78.16 max=   79.24 max/avg= 1.014
 poisson    (ms) =   149.7
 mover      (ms) =   337.8
 total      (ms) =  1328.2
 ----- OMP load imbalance across iproc (min/avg/max, max/avg ratio) -----
  mover_push(ms) min=  251.05 avg=  253.27 max=  258.41 max/avg= 1.020
  dep_loop(ms)   min=   74.06 avg=   77.63 max=   79.37 max/avg= 1.022
 TIME STEP 31 -->    0.019 us
 TIME STEP 31 -->    0.019 us
 poisson    (ms) =   118.9
 mover      (ms) =   343.9
 total      (ms) =   658.8
 ----- OMP load imbalance across iproc (min/avg/max, max/avg ratio) -----
  mover_push(ms) min=  261.23 avg=  261.47 max=  262.15 max/avg= 1.003
  dep_loop(ms)   min=   80.00 avg=   80.94 max=   81.76 max/avg= 1.010
 poisson    (ms) =   157.1
 mover      (ms) =   342.6
 total      (ms) =   658.8
 ----- OMP load imbalance across iproc (min/avg/max, max/avg ratio) -----
  mover_push(ms) min=  255.55 avg=  256.62 max=  260.26 max/avg= 1.014
  dep_loop(ms)   min=   79.44 avg=   81.17 max=   82.34 max/avg= 1.014
 TIME STEP 36 -->    0.022 us
 TIME STEP 36 -->    0.022 us
 poisson    (ms) =   118.9
 mover      (ms) =   335.2
 total      (ms) =  1317.6
 ----- OMP load imbalance across iproc (min/avg/max, max/avg ratio) -----
  mover_push(ms) min=  255.36 avg=  255.62 max=  256.52 max/avg= 1.004
  dep_loop(ms)   min=   76.91 avg=   77.91 max=   78.65 max/avg= 1.010
 poisson    (ms) =   149.8
 mover      (ms) =   338.7
 total      (ms) =  1317.6
 ----- OMP load imbalance across iproc (min/avg/max, max/avg ratio) -----
  mover_push(ms) min=  250.48 avg=  251.32 max=  259.16 max/avg= 1.031
  dep_loop(ms)   min=   75.20 avg=   77.82 max=   79.56 max/avg= 1.022
 TIME STEP 41 -->    0.026 us
 TIME STEP 41 -->    0.026 us
 poisson    (ms) =   119.3
 mover      (ms) =   344.3
 total      (ms) =   662.1
 ----- OMP load imbalance across iproc (min/avg/max, max/avg ratio) -----
  mover_push(ms) min=  259.04 avg=  259.98 max=  262.51 max/avg= 1.010
  dep_loop(ms)   min=   79.11 avg=   80.65 max=   81.81 max/avg= 1.014
 poisson    (ms) =   157.3
 mover      (ms) =   336.5
 total      (ms) =   662.1
 ----- OMP load imbalance across iproc (min/avg/max, max/avg ratio) -----
  mover_push(ms) min=  254.19 avg=  254.38 max=  254.57 max/avg= 1.001
  dep_loop(ms)   min=   80.71 avg=   81.10 max=   81.96 max/avg= 1.011
 TIME STEP 46 -->    0.029 us
 TIME STEP 46 -->    0.029 us
 poisson    (ms) =   118.7
 mover      (ms) =   334.3
 total      (ms) =  1302.6
 ----- OMP load imbalance across iproc (min/avg/max, max/avg ratio) -----
  mover_push(ms) min=  254.41 avg=  254.78 max=  255.77 max/avg= 1.004
  dep_loop(ms)   min=   76.70 avg=   77.60 max=   78.52 max/avg= 1.012
 poisson    (ms) =   149.8
 mover      (ms) =   328.4
 total      (ms) =  1302.6
 ----- OMP load imbalance across iproc (min/avg/max, max/avg ratio) -----
  mover_push(ms) min=  249.51 avg=  249.67 max=  249.84 max/avg= 1.001
  dep_loop(ms)   min=   77.59 avg=   77.96 max=   78.55 max/avg= 1.008
 TIME STEP 51 -->    0.032 us
 TIME STEP 51 -->    0.032 us
 poisson    (ms) =   119.4
 mover      (ms) =   341.2
 total      (ms) =   651.9
 ----- OMP load imbalance across iproc (min/avg/max, max/avg ratio) -----
  mover_push(ms) min=  257.97 avg=  258.64 max=  259.63 max/avg= 1.004
  dep_loop(ms)   min=   79.58 avg=   80.62 max=   81.54 max/avg= 1.011
 poisson    (ms) =   157.6
 mover      (ms) =   334.9
 total      (ms) =   652.0
 ----- OMP load imbalance across iproc (min/avg/max, max/avg ratio) -----
  mover_push(ms) min=  252.80 avg=  252.97 max=  253.13 max/avg= 1.001
  dep_loop(ms)   min=   80.39 avg=   80.79 max=   81.73 max/avg= 1.012
 TIME STEP 56 -->    0.035 us
 TIME STEP 56 -->    0.035 us
 poisson    (ms) =   115.5
 mover      (ms) =   337.8
 total      (ms) =  1367.1
 ----- OMP load imbalance across iproc (min/avg/max, max/avg ratio) -----
  mover_push(ms) min=  257.79 avg=  258.28 max=  259.61 max/avg= 1.005
  dep_loop(ms)   min=   76.40 avg=   77.43 max=   78.15 max/avg= 1.009
 poisson    (ms) =   151.6
 mover      (ms) =   335.7
 total      (ms) =  1367.0
 ----- OMP load imbalance across iproc (min/avg/max, max/avg ratio) -----
  mover_push(ms) min=  253.06 avg=  253.63 max=  257.09 max/avg= 1.014
  dep_loop(ms)   min=   75.56 avg=   77.64 max=   78.58 max/avg= 1.012
 TIME STEP 61 -->    0.038 us
 TIME STEP 61 -->    0.038 us
 poisson    (ms) =   114.6
 mover      (ms) =   339.4
 total      (ms) =   652.3
 ----- OMP load imbalance across iproc (min/avg/max, max/avg ratio) -----
  mover_push(ms) min=  257.24 avg=  257.47 max=  258.20 max/avg= 1.003
  dep_loop(ms)   min=   79.29 avg=   80.31 max=   81.16 max/avg= 1.011
 poisson    (ms) =   152.5
 mover      (ms) =   337.4
 total      (ms) =   652.2
 ----- OMP load imbalance across iproc (min/avg/max, max/avg ratio) -----
  mover_push(ms) min=  251.40 avg=  252.51 max=  255.85 max/avg= 1.013
  dep_loop(ms)   min=   78.64 avg=   80.52 max=   81.59 max/avg= 1.013
 TIME STEP 66 -->    0.041 us
 TIME STEP 66 -->    0.041 us
 poisson    (ms) =   108.1
 mover      (ms) =   331.6
 total      (ms) =  1278.0
 ----- OMP load imbalance across iproc (min/avg/max, max/avg ratio) -----
  mover_push(ms) min=  252.59 avg=  252.83 max=  253.65 max/avg= 1.003
  dep_loop(ms)   min=   76.43 avg=   77.30 max=   77.95 max/avg= 1.008
 poisson    (ms) =   139.2
 mover      (ms) =   333.2
 total      (ms) =  1278.0
 ----- OMP load imbalance across iproc (min/avg/max, max/avg ratio) -----
  mover_push(ms) min=  246.78 avg=  248.54 max=  254.16 max/avg= 1.023
  dep_loop(ms)   min=   74.37 avg=   77.46 max=   79.02 max/avg= 1.020
 TIME STEP 71 -->    0.044 us
 TIME STEP 71 -->    0.044 us
 poisson    (ms) =   108.9
 mover      (ms) =   338.3
 total      (ms) =   647.1
 ----- OMP load imbalance across iproc (min/avg/max, max/avg ratio) -----
  mover_push(ms) min=  256.38 avg=  256.61 max=  257.35 max/avg= 1.003
  dep_loop(ms)   min=   79.12 avg=   80.14 max=   80.94 max/avg= 1.010
 poisson    (ms) =   146.4
 mover      (ms) =   349.6
 total      (ms) =   647.1
 ----- OMP load imbalance across iproc (min/avg/max, max/avg ratio) -----
  mover_push(ms) min=  249.93 avg=  252.89 max=  267.56 max/avg= 1.058
  dep_loop(ms)   min=   76.29 avg=   79.69 max=   82.08 max/avg= 1.030
 TIME STEP 76 -->    0.047 us
 TIME STEP 76 -->    0.047 us
 poisson    (ms) =   107.3
 mover      (ms) =   330.8
 total      (ms) =  1269.3
 ----- OMP load imbalance across iproc (min/avg/max, max/avg ratio) -----
  mover_push(ms) min=  251.70 avg=  251.95 max=  252.88 max/avg= 1.004
  dep_loop(ms)   min=   76.24 avg=   77.22 max=   77.88 max/avg= 1.009
 poisson    (ms) =   138.7
 mover      (ms) =   326.2
 total      (ms) =  1269.3
 ----- OMP load imbalance across iproc (min/avg/max, max/avg ratio) -----
  mover_push(ms) min=  247.03 avg=  247.29 max=  247.65 max/avg= 1.001
  dep_loop(ms)   min=   77.26 avg=   77.62 max=   78.56 max/avg= 1.012
 TIME STEP 81 -->    0.051 us
 TIME STEP 81 -->    0.051 us
 poisson    (ms) =   107.1
 mover      (ms) =   337.6
 total      (ms) =   640.1
 ----- OMP load imbalance across iproc (min/avg/max, max/avg ratio) -----
  mover_push(ms) min=  255.79 avg=  256.03 max=  256.78 max/avg= 1.003
  dep_loop(ms)   min=   79.09 avg=   80.03 max=   80.82 max/avg= 1.010
 poisson    (ms) =   144.9
 mover      (ms) =   332.4
 total      (ms) =   640.0
 ----- OMP load imbalance across iproc (min/avg/max, max/avg ratio) -----
  mover_push(ms) min=  250.82 avg=  250.98 max=  251.14 max/avg= 1.001
  dep_loop(ms)   min=   79.95 avg=   80.33 max=   81.30 max/avg= 1.012

--- legacy: MPI=2 x OMP=16 (= 32 cores, OMP_PLACES=cores) ---
 it=        1, t (us)=    0.0, np=   36353212     7305980           0    18254858    10947786
 it=        6, t (us)=    0.0, np=   35666917     7305617           0    18254196    10947094
 <t> (ms): E/rho=   80.2, poisson=  107.0, sorting=    0.0, avg/write=  143.2, MC=    0.0, mover=   339.2, bck=    0.0, total=   669.6
 ----- LEGACY OMP load imbalance across iproc (min/avg/max, max/avg ratio) -----
  push(ms) min=  182.96 avg=  192.67 max=  204.92 max/avg= 1.064
  dep (ms) min=   52.77 avg=  109.94 max=  152.55 max/avg= 1.388
 it=       11, t (us)=    0.0, np=   35182534     7311816         140    18256544    10952189
 <t> (ms): E/rho=   79.0, poisson=  113.0, sorting=   49.6, avg/write=  122.2, MC=  507.8, mover=   347.4, bck=    0.0, total=  1219.0
 ----- LEGACY OMP load imbalance across iproc (min/avg/max, max/avg ratio) -----
  push(ms) min=  194.49 avg=  201.01 max=  210.11 max/avg= 1.045
  dep (ms) min=   52.93 avg=  106.40 max=  148.84 max/avg= 1.399
 it=       16, t (us)=    0.0, np=   34776349     7311462         140    18255828    10951468
 <t> (ms): E/rho=   79.4, poisson=  115.4, sorting=    0.0, avg/write=  120.8, MC=    0.0, mover=   334.2, bck=    0.0, total=   649.8
 ----- LEGACY OMP load imbalance across iproc (min/avg/max, max/avg ratio) -----
  push(ms) min=  180.61 avg=  190.37 max=  202.20 max/avg= 1.062
  dep (ms) min=   51.03 avg=  106.11 max=  146.79 max/avg= 1.383
 it=       21, t (us)=    0.0, np=   34453180     7317557         258    18258044    10956589
 <t> (ms): E/rho=   78.6, poisson=  115.6, sorting=   53.0, avg/write=  123.2, MC=  555.2, mover=   340.8, bck=    0.0, total=  1266.4
 ----- LEGACY OMP load imbalance across iproc (min/avg/max, max/avg ratio) -----
  push(ms) min=  191.89 avg=  198.93 max=  207.77 max/avg= 1.044
  dep (ms) min=   51.84 avg=  103.52 max=  144.48 max/avg= 1.396
 it=       26, t (us)=    0.0, np=   34170241     7317186         258    18257313    10955694
 <t> (ms): E/rho=   79.0, poisson=  113.2, sorting=    0.0, avg/write=  128.2, MC=    0.0, mover=   325.8, bck=    0.0, total=   646.2
 ----- LEGACY OMP load imbalance across iproc (min/avg/max, max/avg ratio) -----
  push(ms) min=  179.04 avg=  188.70 max=  200.21 max/avg= 1.061
  dep (ms) min=   50.20 avg=  103.55 max=  142.93 max/avg= 1.380
 it=       31, t (us)=    0.0, np=   33948443     7322866         378    18259463    10960537
 <t> (ms): E/rho=   78.8, poisson=  114.0, sorting=   49.4, avg/write=  123.6, MC=  546.6, mover=   336.0, bck=    0.0, total=  1248.4
 ----- LEGACY OMP load imbalance across iproc (min/avg/max, max/avg ratio) -----
  push(ms) min=  190.34 avg=  197.39 max=  206.11 max/avg= 1.044
  dep (ms) min=   50.79 avg=  101.69 max=  141.56 max/avg= 1.392
 it=       36, t (us)=    0.0, np=   33746667     7322453         378    18258622    10959639
 <t> (ms): E/rho=   79.4, poisson=  113.8, sorting=    0.0, avg/write=  122.4, MC=    0.0, mover=   323.8, bck=    0.0, total=   639.4
 ----- LEGACY OMP load imbalance across iproc (min/avg/max, max/avg ratio) -----
  push(ms) min=  177.87 avg=  187.53 max=  198.88 max/avg= 1.061
  dep (ms) min=   49.37 avg=  101.22 max=  139.60 max/avg= 1.379
 it=       41, t (us)=    0.0, np=   33584542     7328049         502    18260710    10964285
 <t> (ms): E/rho=   78.6, poisson=  113.4, sorting=   49.0, avg/write=  123.0, MC=  542.8, mover=   332.0, bck=    0.0, total=  1238.8
 ----- LEGACY OMP load imbalance across iproc (min/avg/max, max/avg ratio) -----
  push(ms) min=  189.00 avg=  196.14 max=  204.77 max/avg= 1.044
  dep (ms) min=   49.87 avg=  100.21 max=  139.10 max/avg= 1.388
 it=       46, t (us)=    0.0, np=   33423365     7327588         502    18259844    10963169
 <t> (ms): E/rho=   79.0, poisson=  113.8, sorting=    0.0, avg/write=  128.4, MC=    0.0, mover=   318.2, bck=    0.0, total=   639.4
 ----- LEGACY OMP load imbalance across iproc (min/avg/max, max/avg ratio) -----
  push(ms) min=  177.09 avg=  186.71 max=  198.27 max/avg= 1.062
  dep (ms) min=   48.85 avg=   99.38 max=  137.57 max/avg= 1.384
 it=       51, t (us)=    0.0, np=   33291705     7333105         637    18262034    10967605
 <t> (ms): E/rho=   79.4, poisson=  111.2, sorting=   49.0, avg/write= 1407.2, MC=  532.8, mover=   329.2, bck=    0.0, total=  2508.8
 ----- LEGACY OMP load imbalance across iproc (min/avg/max, max/avg ratio) -----
  push(ms) min=  188.04 avg=  195.11 max=  203.74 max/avg= 1.044
  dep (ms) min=   49.39 avg=   99.04 max=  137.43 max/avg= 1.388
 it=       56, t (us)=    0.0, np=   33154236     7332582         637    18261048    10966301
 <t> (ms): E/rho=   80.6, poisson=  106.6, sorting=    0.0, avg/write=  144.0, MC=    0.0, mover=   318.6, bck=    0.0, total=   649.8
 ----- LEGACY OMP load imbalance across iproc (min/avg/max, max/avg ratio) -----
  push(ms) min=  176.59 avg=  186.07 max=  197.28 max/avg= 1.060
  dep (ms) min=   48.35 avg=   98.23 max=  136.09 max/avg= 1.385
 it=       61, t (us)=    0.0, np=   33039945     7338129         734    18263118    10970385
 <t> (ms): E/rho=   79.4, poisson=  106.6, sorting=   48.4, avg/write=  122.6, MC=  529.4, mover=   326.4, bck=    0.0, total=  1212.8
 ----- LEGACY OMP load imbalance across iproc (min/avg/max, max/avg ratio) -----
  push(ms) min=  187.27 avg=  194.32 max=  202.86 max/avg= 1.044
  dep (ms) min=   48.97 avg=   97.89 max=  135.58 max/avg= 1.385
 it=       66, t (us)=    0.0, np=   32914824     7337545         734    18262047    10968860
 <t> (ms): E/rho=   79.6, poisson=  103.0, sorting=    0.0, avg/write=  121.4, MC=    0.0, mover=   313.6, bck=    0.0, total=   617.6
 ----- LEGACY OMP load imbalance across iproc (min/avg/max, max/avg ratio) -----
  push(ms) min=  176.03 avg=  185.47 max=  196.52 max/avg= 1.060
  dep (ms) min=   48.16 avg=   97.14 max=  134.17 max/avg= 1.381
 it=       71, t (us)=    0.0, np=   32811873     7342885         865    18263878    10972855
 <t> (ms): E/rho=   78.6, poisson=  103.0, sorting=   48.4, avg/write=  122.4, MC=  530.2, mover=   325.0, bck=    0.0, total=  1207.6
 ----- LEGACY OMP load imbalance across iproc (min/avg/max, max/avg ratio) -----
  push(ms) min=  186.99 avg=  193.85 max=  202.22 max/avg= 1.043
  dep (ms) min=   48.84 avg=   97.09 max=  134.43 max/avg= 1.385
 it=       76, t (us)=    0.0, np=   32699209     7342200         865    18262642    10971105
 <t> (ms): E/rho=   79.6, poisson=  100.8, sorting=    0.0, avg/write=  125.2, MC=    0.0, mover=   314.2, bck=    0.0, total=   619.8
 ----- LEGACY OMP load imbalance across iproc (min/avg/max, max/avg ratio) -----
  push(ms) min=  175.60 avg=  184.96 max=  195.97 max/avg= 1.060
  dep (ms) min=   48.02 avg=   96.17 max=  132.89 max/avg= 1.382

--- modular: MPI=1 x OMP=32 (= 32 cores, OMP_PLACES=cores) ---
 TIME STEP 1 -->    0.001 us
 TIME STEP 6 -->    0.004 us
 poisson    (ms) =   124.4
 mover      (ms) =   622.9
 total      (ms) =  2025.7
 ----- OMP load imbalance across iproc (min/avg/max, max/avg ratio) -----
  mover_push(ms) min=  399.93 avg=  409.19 max=  443.76 max/avg= 1.084
  dep_loop(ms)   min=  161.90 avg=  175.12 max=  179.19 max/avg= 1.023
 TIME STEP 11 -->    0.007 us
 poisson    (ms) =   135.1
 mover      (ms) =   417.5
 total      (ms) =   818.2
 ----- OMP load imbalance across iproc (min/avg/max, max/avg ratio) -----
  mover_push(ms) min=  283.50 avg=  285.30 max=  300.30 max/avg= 1.053
  dep_loop(ms)   min=  107.29 avg=  112.93 max=  117.16 max/avg= 1.037
 TIME STEP 16 -->    0.010 us
 poisson    (ms) =   134.2
 mover      (ms) =   396.6
 total      (ms) =  1767.2
 ----- OMP load imbalance across iproc (min/avg/max, max/avg ratio) -----
  mover_push(ms) min=  279.15 avg=  280.90 max=  283.33 max/avg= 1.009
  dep_loop(ms)   min=  107.31 avg=  109.53 max=  113.23 max/avg= 1.034
 TIME STEP 21 -->    0.013 us
 poisson    (ms) =   141.3
 mover      (ms) =   415.0
 total      (ms) =   827.7
 ----- OMP load imbalance across iproc (min/avg/max, max/avg ratio) -----
  mover_push(ms) min=  286.09 avg=  287.64 max=  297.83 max/avg= 1.035
  dep_loop(ms)   min=  109.65 avg=  112.89 max=  117.16 max/avg= 1.038
 TIME STEP 26 -->    0.016 us
 poisson    (ms) =   133.8
 mover      (ms) =   415.9
 total      (ms) =  1754.2
 ----- OMP load imbalance across iproc (min/avg/max, max/avg ratio) -----
  mover_push(ms) min=  283.57 avg=  286.15 max=  304.80 max/avg= 1.065
  dep_loop(ms)   min=  100.44 avg=  108.11 max=  111.09 max/avg= 1.028
 TIME STEP 31 -->    0.019 us
 poisson    (ms) =   132.9
 mover      (ms) =   440.4
 total      (ms) =   822.7
 ----- OMP load imbalance across iproc (min/avg/max, max/avg ratio) -----
  mover_push(ms) min=  290.06 avg=  293.20 max=  324.63 max/avg= 1.107
  dep_loop(ms)   min=  100.25 avg=  111.75 max=  115.80 max/avg= 1.036
 TIME STEP 36 -->    0.022 us
 poisson    (ms) =   134.3
 mover      (ms) =   426.8
 total      (ms) =  1747.2
 ----- OMP load imbalance across iproc (min/avg/max, max/avg ratio) -----
  mover_push(ms) min=  284.15 avg=  286.56 max=  315.06 max/avg= 1.099
  dep_loop(ms)   min=   96.40 avg=  108.19 max=  111.71 max/avg= 1.033
 TIME STEP 41 -->    0.026 us
 poisson    (ms) =   134.2
 mover      (ms) =   420.4
 total      (ms) =   820.6
 ----- OMP load imbalance across iproc (min/avg/max, max/avg ratio) -----
  mover_push(ms) min=  287.52 avg=  289.02 max=  303.30 max/avg= 1.049
  dep_loop(ms)   min=  106.64 avg=  112.29 max=  117.10 max/avg= 1.043
 TIME STEP 46 -->    0.029 us
 poisson    (ms) =   134.3
 mover      (ms) =   396.8
 total      (ms) =  1723.4
 ----- OMP load imbalance across iproc (min/avg/max, max/avg ratio) -----
  mover_push(ms) min=  283.08 avg=  283.94 max=  285.36 max/avg= 1.005
  dep_loop(ms)   min=  107.34 avg=  108.92 max=  111.48 max/avg= 1.023
 TIME STEP 51 -->    0.032 us
 poisson    (ms) =   133.3
 mover      (ms) =   405.7
 total      (ms) =   799.9
 ----- OMP load imbalance across iproc (min/avg/max, max/avg ratio) -----
  mover_push(ms) min=  286.95 avg=  287.41 max=  290.33 max/avg= 1.010
  dep_loop(ms)   min=  111.43 avg=  112.24 max=  115.40 max/avg= 1.028
 TIME STEP 56 -->    0.035 us
 poisson    (ms) =   129.6
 mover      (ms) =   394.7
 total      (ms) =  1817.9
 ----- OMP load imbalance across iproc (min/avg/max, max/avg ratio) -----
  mover_push(ms) min=  282.11 avg=  282.38 max=  282.86 max/avg= 1.002
  dep_loop(ms)   min=  107.59 avg=  108.45 max=  111.81 max/avg= 1.031
 TIME STEP 61 -->    0.038 us
 poisson    (ms) =   130.3
 mover      (ms) =   404.7
 total      (ms) =   804.4
 ----- OMP load imbalance across iproc (min/avg/max, max/avg ratio) -----
  mover_push(ms) min=  286.29 avg=  286.63 max=  288.05 max/avg= 1.005
  dep_loop(ms)   min=  111.30 avg=  112.30 max=  116.70 max/avg= 1.039

--- legacy: MPI=1 x OMP=32 (= 32 cores, OMP_PLACES=cores) ---
 it=        1, t (us)=    0.0, np=   36352850     7305749           0    18254099    10949838
 it=        6, t (us)=    0.0, np=   35666126     7305408           0    18253437    10949110
 <t> (ms): E/rho=   83.4, poisson=  109.8, sorting=    0.0, avg/write=  150.2, MC=    0.0, mover=   395.8, bck=    0.0, total=   739.2
 ----- LEGACY OMP load imbalance across iproc (min/avg/max, max/avg ratio) -----
  push(ms) min=  183.22 avg=  193.83 max=  207.75 max/avg= 1.072
  dep (ms) min=   60.29 avg=  128.37 max=  207.83 max/avg= 1.619
 it=       11, t (us)=    0.0, np=   35181871     7311805         150    18255789    10954174
 <t> (ms): E/rho=   83.4, poisson=  119.0, sorting=   60.4, avg/write=  127.2, MC=  580.0, mover=   403.6, bck=    0.0, total=  1373.6
 ----- LEGACY OMP load imbalance across iproc (min/avg/max, max/avg ratio) -----
  push(ms) min=  191.06 avg=  203.09 max=  215.48 max/avg= 1.061
  dep (ms) min=   61.65 avg=  124.26 max=  201.37 max/avg= 1.621
 it=       16, t (us)=    0.0, np=   34776038     7311460         150    18255069    10953391
 <t> (ms): E/rho=   82.8, poisson=  122.0, sorting=    0.0, avg/write=  125.4, MC=    0.0, mover=   390.0, bck=    0.0, total=   720.2
 ----- LEGACY OMP load imbalance across iproc (min/avg/max, max/avg ratio) -----
  push(ms) min=  181.16 avg=  191.58 max=  205.69 max/avg= 1.074
  dep (ms) min=   58.30 avg=  125.06 max=  201.20 max/avg= 1.609
 it=       21, t (us)=    0.0, np=   34452744     7317418         284    18257264    10958261
 <t> (ms): E/rho=   82.8, poisson=  121.2, sorting=   65.6, avg/write=  125.2, MC=  705.4, mover=   394.0, bck=    0.0, total=  1494.2
 ----- LEGACY OMP load imbalance across iproc (min/avg/max, max/avg ratio) -----
  push(ms) min=  187.54 avg=  199.01 max=  210.26 max/avg= 1.056
  dep (ms) min=   60.04 avg=  122.34 max=  197.42 max/avg= 1.614
 it=       26, t (us)=    0.0, np=   34170898     7317038         284    18256500    10957434
 <t> (ms): E/rho=   83.0, poisson=  119.8, sorting=    0.0, avg/write=  124.8, MC=    0.0, mover=   380.6, bck=    0.0, total=   708.2
 ----- LEGACY OMP load imbalance across iproc (min/avg/max, max/avg ratio) -----
  push(ms) min=  179.53 avg=  189.89 max=  203.93 max/avg= 1.074
  dep (ms) min=   57.46 avg=  122.46 max=  196.04 max/avg= 1.601
 it=       31, t (us)=    0.0, np=   33950101     7322938         433    18258683    10962153
 <t> (ms): E/rho=   83.6, poisson=  119.2, sorting=   61.6, avg/write=  129.4, MC=  700.0, mover=   388.0, bck=    0.0, total=  1481.8
 ----- LEGACY OMP load imbalance across iproc (min/avg/max, max/avg ratio) -----
  push(ms) min=  186.91 avg=  196.84 max=  207.76 max/avg= 1.055
  dep (ms) min=   58.57 avg=  120.75 max=  194.07 max/avg= 1.607
 it=       36, t (us)=    0.0, np=   33748742     7322525         433    18257871    10961221
 <t> (ms): E/rho=   82.2, poisson=  120.2, sorting=    0.0, avg/write=  124.8, MC=    0.0, mover=   379.2, bck=    0.0, total=   706.4
 ----- LEGACY OMP load imbalance across iproc (min/avg/max, max/avg ratio) -----
  push(ms) min=  178.36 avg=  188.78 max=  202.48 max/avg= 1.073
  dep (ms) min=   56.78 avg=  120.45 max=  192.84 max/avg= 1.601
 it=       41, t (us)=    0.0, np=   33586459     7328196         551    18260047    10965979
 <t> (ms): E/rho=   83.0, poisson=  119.8, sorting=   60.2, avg/write=  123.6, MC=  702.0, mover=   384.6, bck=    0.0, total=  1473.2
 ----- LEGACY OMP load imbalance across iproc (min/avg/max, max/avg ratio) -----
  push(ms) min=  187.26 avg=  196.33 max=  207.14 max/avg= 1.055
  dep (ms) min=   57.53 avg=  118.79 max=  190.84 max/avg= 1.607
 it=       46, t (us)=    0.0, np=   33425911     7327700         551    18259145    10964872
 <t> (ms): E/rho=   83.2, poisson=  119.2, sorting=    0.0, avg/write=  126.6, MC=    0.0, mover=   372.2, bck=    0.0, total=   701.2
 ----- LEGACY OMP load imbalance across iproc (min/avg/max, max/avg ratio) -----
  push(ms) min=  177.72 avg=  187.94 max=  201.30 max/avg= 1.071
  dep (ms) min=   56.09 avg=  118.81 max=  189.49 max/avg= 1.595
 it=       51, t (us)=    0.0, np=   33293623     7333031         696    18261325    10969213
 <t> (ms): E/rho=   82.4, poisson=  116.6, sorting=   59.8, avg/write= 1467.4, MC=  696.4, mover=   381.8, bck=    0.0, total=  2804.4
 ----- LEGACY OMP load imbalance across iproc (min/avg/max, max/avg ratio) -----
  push(ms) min=  186.49 avg=  194.88 max=  205.25 max/avg= 1.053
  dep (ms) min=   57.08 avg=  118.06 max=  189.07 max/avg= 1.601
 it=       56, t (us)=    0.0, np=   33155954     7332514         695    18260345    10967901
 <t> (ms): E/rho=   82.0, poisson=  112.6, sorting=    0.0, avg/write=  149.2, MC=    0.0, mover=   372.8, bck=    0.0, total=   716.6
 ----- LEGACY OMP load imbalance across iproc (min/avg/max, max/avg ratio) -----
  push(ms) min=  176.98 avg=  187.18 max=  200.55 max/avg= 1.071
  dep (ms) min=   55.71 avg=  117.61 max=  187.50 max/avg= 1.594
 it=       61, t (us)=    0.0, np=   33041173     7338058         822    18262370    10971981
 <t> (ms): E/rho=   82.8, poisson=  110.2, sorting=   59.4, avg/write=  125.6, MC=  689.2, mover=   379.2, bck=    0.0, total=  1446.4
 ----- LEGACY OMP load imbalance across iproc (min/avg/max, max/avg ratio) -----
  push(ms) min=  186.62 avg=  194.49 max=  204.62 max/avg= 1.052
  dep (ms) min=   56.74 avg=  117.12 max=  187.07 max/avg= 1.597
 it=       66, t (us)=    0.0, np=   32916221     7337420         822    18261263    10970464
 <t> (ms): E/rho=   82.2, poisson=  107.6, sorting=    0.0, avg/write=  125.4, MC=    0.0, mover=   367.4, bck=    0.0, total=   682.6
 ----- LEGACY OMP load imbalance across iproc (min/avg/max, max/avg ratio) -----
  push(ms) min=  176.61 avg=  186.69 max=  199.96 max/avg= 1.071
  dep (ms) min=   55.24 avg=  116.53 max=  185.79 max/avg= 1.594

--- modular: MPI=4 x OMP=8 (= 32 cores, OMP_PLACES=cores) ---
 TIME STEP 1 -->    0.001 us
 TIME STEP 1 -->    0.001 us
 TIME STEP 1 -->    0.001 us
 TIME STEP 1 -->    0.001 us
 TIME STEP 6 -->    0.004 us
 TIME STEP 6 -->    0.004 us
 TIME STEP 6 -->    0.004 us
 TIME STEP 6 -->    0.004 us
 poisson    (ms) =   127.4
 mover      (ms) =   541.6
 total      (ms) =  1510.9
 ----- OMP load imbalance across iproc (min/avg/max, max/avg ratio) -----
  mover_push(ms) min=  393.72 avg=  398.70 max=  407.76 max/avg= 1.023
  dep_loop(ms)   min=  128.77 avg=  131.84 max=  133.80 max/avg= 1.015
 poisson    (ms) =   170.8
 mover      (ms) =   528.5
 total      (ms) =  1509.0
 ----- OMP load imbalance across iproc (min/avg/max, max/avg ratio) -----
  mover_push(ms) min=  390.74 avg=  393.80 max=  395.72 max/avg= 1.005
  dep_loop(ms)   min=  131.83 avg=  132.27 max=  132.74 max/avg= 1.004
 poisson    (ms) =   133.0
 mover      (ms) =   541.7
 total      (ms) =  1503.0
 ----- OMP load imbalance across iproc (min/avg/max, max/avg ratio) -----
  mover_push(ms) min=  396.31 avg=  401.93 max=  406.30 max/avg= 1.011
  dep_loop(ms)   min=  132.70 avg=  134.16 max=  135.43 max/avg= 1.009
 poisson    (ms) =   141.8
 mover      (ms) =   540.5
 total      (ms) =  1508.9
 ----- OMP load imbalance across iproc (min/avg/max, max/avg ratio) -----
  mover_push(ms) min=  392.87 avg=  399.66 max=  404.71 max/avg= 1.013
  dep_loop(ms)   min=  133.82 avg=  134.89 max=  135.81 max/avg= 1.007
 TIME STEP 11 -->    0.007 us
 TIME STEP 11 -->    0.007 us
 TIME STEP 11 -->    0.007 us
 TIME STEP 11 -->    0.007 us
 poisson    (ms) =   125.1
 mover      (ms) =   349.7
 total      (ms) =   670.3
 ----- OMP load imbalance across iproc (min/avg/max, max/avg ratio) -----
 poisson    (ms) =   163.3
 mover      (ms) =   351.5
 total      (ms) =   670.3
 ----- OMP load imbalance across iproc (min/avg/max, max/avg ratio) -----
  mover_push(ms) min=  264.95 avg=  265.58 max=  268.73 max/avg= 1.012
  dep_loop(ms)   min=   80.97 avg=   82.18 max=   82.72 max/avg= 1.007
 poisson    (ms) =   163.4
 mover      (ms) =   352.0
 total      (ms) =   670.3
 ----- OMP load imbalance across iproc (min/avg/max, max/avg ratio) -----
  mover_push(ms) min=  261.33 avg=  264.00 max=  269.09 max/avg= 1.019
  dep_loop(ms)   min=   80.00 avg=   81.25 max=   82.90 max/avg= 1.020
 poisson    (ms) =   163.1
 mover      (ms) =   355.4
 total      (ms) =   670.3
 ----- OMP load imbalance across iproc (min/avg/max, max/avg ratio) -----
  mover_push(ms) min=  263.93 avg=  266.62 max=  273.65 max/avg= 1.026
  dep_loop(ms)   min=   78.97 avg=   80.60 max=   81.74 max/avg= 1.014
  mover_push(ms) min=  262.66 avg=  263.37 max=  264.59 max/avg= 1.005
  dep_loop(ms)   min=   81.51 avg=   82.72 max=   85.07 max/avg= 1.028
 TIME STEP 16 -->    0.010 us
 TIME STEP 16 -->    0.010 us
 TIME STEP 16 -->    0.010 us
 TIME STEP 16 -->    0.010 us
 poisson    (ms) =   124.4
 mover      (ms) =   345.6
 total      (ms) =  1226.7
 ----- OMP load imbalance across iproc (min/avg/max, max/avg ratio) -----
  mover_push(ms) min=  256.86 avg=  258.24 max=  265.43 max/avg= 1.028
  dep_loop(ms)   min=   76.56 avg=   78.35 max=   80.13 max/avg= 1.023
 poisson    (ms) =   155.2
 mover      (ms) =   337.5
 total      (ms) =  1226.7
 ----- OMP load imbalance across iproc (min/avg/max, max/avg ratio) -----
  mover_push(ms) min=  257.11 avg=  257.61 max=  258.30 max/avg= 1.003
  dep_loop(ms)   min=   78.10 avg=   78.55 max=   79.22 max/avg= 1.009
 poisson    (ms) =   160.2
 mover      (ms) =   350.0
 total      (ms) =  1226.7
 ----- OMP load imbalance across iproc (min/avg/max, max/avg ratio) -----
  mover_push(ms) min=  256.98 avg=  260.00 max=  270.38 max/avg= 1.040
  dep_loop(ms)   min=   74.29 avg=   78.28 max=   79.60 max/avg= 1.017
 poisson    (ms) =   167.7
 mover      (ms) =   349.5
 total      (ms) =  1226.7
 ----- OMP load imbalance across iproc (min/avg/max, max/avg ratio) -----
  mover_push(ms) min=  257.40 avg=  260.53 max=  270.04 max/avg= 1.037
  dep_loop(ms)   min=   74.47 avg=   77.98 max=   79.42 max/avg= 1.019
 TIME STEP 21 -->    0.013 us
 TIME STEP 21 -->    0.013 us
 TIME STEP 21 -->    0.013 us
 TIME STEP 21 -->    0.013 us
 poisson    (ms) =   129.9
 mover      (ms) =   350.6
 total      (ms) =   681.3
 ----- OMP load imbalance across iproc (min/avg/max, max/avg ratio) -----
  mover_push(ms) min=  261.90 avg=  263.47 max=  268.07 max/avg= 1.017
  dep_loop(ms)   min=   80.03 avg=   80.99 max=   82.56 max/avg= 1.019
 poisson    (ms) =   167.7
 mover      (ms) =   350.6
 total      (ms) =   681.3
 ----- OMP load imbalance across iproc (min/avg/max, max/avg ratio) -----
  mover_push(ms) min=  263.54 avg=  264.79 max=  269.17 max/avg= 1.017
  dep_loop(ms)   min=   80.00 avg=   80.74 max=   81.43 max/avg= 1.009
 poisson    (ms) =   167.7
 mover      (ms) =   360.8
 total      (ms) =   681.3
 ----- OMP load imbalance across iproc (min/avg/max, max/avg ratio) -----
  mover_push(ms) min=  264.63 avg=  268.24 max=  277.51 max/avg= 1.035
  dep_loop(ms)   min=   79.20 avg=   81.26 max=   83.29 max/avg= 1.025
 poisson    (ms) =   167.8
 mover      (ms) =   356.1
 total      (ms) =   681.3
 ----- OMP load imbalance across iproc (min/avg/max, max/avg ratio) -----
  mover_push(ms) min=  264.23 avg=  266.96 max=  274.05 max/avg= 1.027
  dep_loop(ms)   min=   79.94 avg=   81.22 max=   82.02 max/avg= 1.010
 TIME STEP 26 -->    0.016 us
 TIME STEP 26 -->    0.016 us
 TIME STEP 26 -->    0.016 us
 TIME STEP 26 -->    0.016 us
 poisson    (ms) =   124.0
 mover      (ms) =   346.2
 total      (ms) =  1213.6
 ----- OMP load imbalance across iproc (min/avg/max, max/avg ratio) -----
  mover_push(ms) min=  254.66 avg=  257.13 max=  266.00 max/avg= 1.034
  dep_loop(ms)   min=   73.41 avg=   78.13 max=   80.19 max/avg= 1.026
 poisson    (ms) =   161.8
 mover      (ms) =   340.1
 total      (ms) =  1213.6
 ----- OMP load imbalance across iproc (min/avg/max, max/avg ratio) -----
  mover_push(ms) min=  255.23 avg=  256.36 max=  260.98 max/avg= 1.018
  dep_loop(ms)   min=   76.05 avg=   78.09 max=   79.08 max/avg= 1.013
 poisson    (ms) =   165.7
 mover      (ms) =   351.4
 total      (ms) =  1213.6
 ----- OMP load imbalance across iproc (min/avg/max, max/avg ratio) -----
  mover_push(ms) min=  256.14 avg=  259.07 max=  270.94 max/avg= 1.046
  dep_loop(ms)   min=   73.04 avg=   78.16 max=   80.44 max/avg= 1.029
 poisson    (ms) =   166.1
 mover      (ms) =   340.4
 total      (ms) =  1213.6
 ----- OMP load imbalance across iproc (min/avg/max, max/avg ratio) -----
  mover_push(ms) min=  255.48 avg=  256.75 max=  260.31 max/avg= 1.014
  dep_loop(ms)   min=   77.53 avg=   78.80 max=   80.14 max/avg= 1.017
 TIME STEP 31 -->    0.019 us
 TIME STEP 31 -->    0.019 us
 TIME STEP 31 -->    0.019 us
 TIME STEP 31 -->    0.019 us
 poisson    (ms) =   123.3
 mover      (ms) =   343.5
 total      (ms) =   668.3
 ----- OMP load imbalance across iproc (min/avg/max, max/avg ratio) -----
  mover_push(ms) min=  259.08 avg=  259.71 max=  260.39 max/avg= 1.003
  dep_loop(ms)   min=   80.79 avg=   81.56 max=   83.14 max/avg= 1.019
 poisson    (ms) =   161.3
 mover      (ms) =   343.3
 total      (ms) =   668.3
 ----- OMP load imbalance across iproc (min/avg/max, max/avg ratio) -----
  mover_push(ms) min=  259.60 avg=  260.23 max=  261.60 max/avg= 1.005
  dep_loop(ms)   min=   80.70 avg=   81.29 max=   81.66 max/avg= 1.005
 poisson    (ms) =   161.5
 mover      (ms) =   365.8
 total      (ms) =   668.3
 ----- OMP load imbalance across iproc (min/avg/max, max/avg ratio) -----
  mover_push(ms) min=  260.24 avg=  265.91 max=  282.22 max/avg= 1.061
  dep_loop(ms)   min=   77.36 avg=   80.43 max=   83.54 max/avg= 1.039
 poisson    (ms) =   161.2
 mover      (ms) =   358.9
 total      (ms) =   668.3
 ----- OMP load imbalance across iproc (min/avg/max, max/avg ratio) -----
  mover_push(ms) min=  260.19 avg=  263.32 max=  276.34 max/avg= 1.049
  dep_loop(ms)   min=   78.48 avg=   80.42 max=   82.53 max/avg= 1.026
 TIME STEP 36 -->    0.022 us
 TIME STEP 36 -->    0.022 us
 TIME STEP 36 -->    0.022 us
 TIME STEP 36 -->    0.022 us
 poisson    (ms) =   125.0
 mover      (ms) =   345.1
 total      (ms) =  1205.8
 ----- OMP load imbalance across iproc (min/avg/max, max/avg ratio) -----
  mover_push(ms) min=  254.19 avg=  256.45 max=  264.81 max/avg= 1.033
  dep_loop(ms)   min=   74.77 avg=   78.23 max=   80.32 max/avg= 1.027
 poisson    (ms) =   164.6
 mover      (ms) =   335.0
 total      (ms) =  1205.8
 ----- OMP load imbalance across iproc (min/avg/max, max/avg ratio) -----
  mover_push(ms) min=  253.60 avg=  254.31 max=  255.02 max/avg= 1.003
  dep_loop(ms)   min=   78.12 avg=   78.66 max=   79.93 max/avg= 1.016
 poisson    (ms) =   169.3
 mover      (ms) =   338.4
 total      (ms) =  1205.8
 ----- OMP load imbalance across iproc (min/avg/max, max/avg ratio) -----
  mover_push(ms) min=  255.09 avg=  256.03 max=  258.66 max/avg= 1.010
  dep_loop(ms)   min=   77.04 avg=   78.37 max=   79.77 max/avg= 1.018
 poisson    (ms) =   169.6
 mover      (ms) =   333.7
 total      (ms) =  1205.8
 ----- OMP load imbalance across iproc (min/avg/max, max/avg ratio) -----
  mover_push(ms) min=  254.23 avg=  254.44 max=  254.62 max/avg= 1.001
  dep_loop(ms)   min=   78.30 avg=   78.58 max=   79.13 max/avg= 1.007
 TIME STEP 41 -->    0.026 us
 TIME STEP 41 -->    0.026 us
 TIME STEP 41 -->    0.026 us
 TIME STEP 41 -->    0.026 us
 poisson    (ms) =   123.7
 mover      (ms) =   351.7
 total      (ms) =   660.5
 ----- OMP load imbalance across iproc (min/avg/max, max/avg ratio) -----
  mover_push(ms) min=  256.83 avg=  259.25 max=  269.41 max/avg= 1.039
  dep_loop(ms)   min=   77.62 avg=   80.64 max=   82.28 max/avg= 1.020
 poisson    (ms) =   162.0
 mover      (ms) =   342.6
 total      (ms) =   660.5
 ----- OMP load imbalance across iproc (min/avg/max, max/avg ratio) -----
  mover_push(ms) min=  258.18 avg=  260.14 max=  262.11 max/avg= 1.008
  dep_loop(ms)   min=   80.13 avg=   80.33 max=   80.51 max/avg= 1.002
 poisson    (ms) =   162.2
 mover      (ms) =   341.2
 total      (ms) =   660.5
 ----- OMP load imbalance across iproc (min/avg/max, max/avg ratio) -----
  mover_push(ms) min=  257.59 avg=  257.75 max=  258.02 max/avg= 1.001
  dep_loop(ms)   min=   81.45 avg=   81.92 max=   83.16 max/avg= 1.015
 poisson    (ms) =   161.8
 mover      (ms) =   349.2
 total      (ms) =   660.5
 ----- OMP load imbalance across iproc (min/avg/max, max/avg ratio) -----
  mover_push(ms) min=  258.35 avg=  260.42 max=  266.16 max/avg= 1.022
  dep_loop(ms)   min=   79.21 avg=   81.23 max=   83.05 max/avg= 1.022
 TIME STEP 46 -->    0.029 us
 TIME STEP 46 -->    0.029 us
 TIME STEP 46 -->    0.029 us
 TIME STEP 46 -->    0.029 us
 poisson    (ms) =   163.1
 mover      (ms) =   331.3
 total      (ms) =  1195.3
 ----- OMP load imbalance across iproc (min/avg/max, max/avg ratio) -----
  mover_push(ms) min=  252.80 avg=  252.95 max=  253.06 max/avg= 1.000
  dep_loop(ms)   min=   77.95 avg=   78.06 max=   78.24 max/avg= 1.002
 poisson    (ms) =   168.1
 mover      (ms) =   332.1
 total      (ms) =  1195.3
 ----- OMP load imbalance across iproc (min/avg/max, max/avg ratio) -----
  mover_push(ms) min=  252.75 avg=  252.89 max=  253.12 max/avg= 1.001
  dep_loop(ms)   min=   78.09 avg=   78.41 max=   78.96 max/avg= 1.007
 poisson    (ms) =   167.1
 mover      (ms) =   338.5
 total      (ms) =  1195.3
 ----- OMP load imbalance across iproc (min/avg/max, max/avg ratio) -----
  mover_push(ms) min=  253.49 avg=  255.03 max=  259.48 max/avg= 1.017
  dep_loop(ms)   min=   75.38 avg=   77.81 max=   79.04 max/avg= 1.016
 poisson    (ms) =   124.3
 mover      (ms) =   335.6
 total      (ms) =  1195.3
 ----- OMP load imbalance across iproc (min/avg/max, max/avg ratio) -----
  mover_push(ms) min=  252.94 avg=  254.20 max=  256.44 max/avg= 1.009
  dep_loop(ms)   min=   77.31 avg=   78.21 max=   79.14 max/avg= 1.012
 TIME STEP 51 -->    0.032 us
 TIME STEP 51 -->    0.032 us
 TIME STEP 51 -->    0.032 us
 TIME STEP 51 -->    0.032 us
 poisson    (ms) =   121.4
 mover      (ms) =   339.5
 total      (ms) =   644.4
 ----- OMP load imbalance across iproc (min/avg/max, max/avg ratio) -----
  mover_push(ms) min=  256.36 avg=  256.69 max=  257.24 max/avg= 1.002
  dep_loop(ms)   min=   80.55 avg=   81.03 max=   82.29 max/avg= 1.016
 poisson    (ms) =   159.8
 mover      (ms) =   337.4
 total      (ms) =   644.4
 ----- OMP load imbalance across iproc (min/avg/max, max/avg ratio) -----
  mover_push(ms) min=  256.15 avg=  256.25 max=  256.35 max/avg= 1.000
  dep_loop(ms)   min=   80.81 avg=   80.92 max=   81.03 max/avg= 1.001
 poisson    (ms) =   160.0
 mover      (ms) =   339.1
 total      (ms) =   644.4
 ----- OMP load imbalance across iproc (min/avg/max, max/avg ratio) -----
  mover_push(ms) min=  256.56 avg=  256.72 max=  256.94 max/avg= 1.001
  dep_loop(ms)   min=   81.05 avg=   81.38 max=   82.15 max/avg= 1.009
 poisson    (ms) =   159.6
 mover      (ms) =   338.1
 total      (ms) =   644.4
 ----- OMP load imbalance across iproc (min/avg/max, max/avg ratio) -----
  mover_push(ms) min=  256.73 avg=  256.82 max=  256.91 max/avg= 1.000
  dep_loop(ms)   min=   80.95 avg=   81.05 max=   81.16 max/avg= 1.001
 TIME STEP 56 -->    0.035 us
 TIME STEP 56 -->    0.035 us
 TIME STEP 56 -->    0.035 us
 TIME STEP 56 -->    0.035 us
 poisson    (ms) =   121.9
 mover      (ms) =   331.2
 total      (ms) =  1225.9
 ----- OMP load imbalance across iproc (min/avg/max, max/avg ratio) -----
  mover_push(ms) min=  251.80 avg=  252.15 max=  252.49 max/avg= 1.001
  dep_loop(ms)   min=   77.64 avg=   78.09 max=   78.71 max/avg= 1.008
 poisson    (ms) =   165.6
 mover      (ms) =   330.3
 total      (ms) =  1225.9
 ----- OMP load imbalance across iproc (min/avg/max, max/avg ratio) -----
  mover_push(ms) min=  251.72 avg=  251.96 max=  252.13 max/avg= 1.001
  dep_loop(ms)   min=   77.73 avg=   77.90 max=   78.15 max/avg= 1.003
 poisson    (ms) =   170.3
 mover      (ms) =   331.5
 total      (ms) =  1225.9
 ----- OMP load imbalance across iproc (min/avg/max, max/avg ratio) -----
  mover_push(ms) min=  252.45 avg=  252.61 max=  252.87 max/avg= 1.001
  dep_loop(ms)   min=   78.04 avg=   78.22 max=   78.61 max/avg= 1.005
 poisson    (ms) =   171.0
 mover      (ms) =   331.6
 total      (ms) =  1225.8
 ----- OMP load imbalance across iproc (min/avg/max, max/avg ratio) -----
  mover_push(ms) min=  252.39 avg=  252.75 max=  253.04 max/avg= 1.001
  dep_loop(ms)   min=   77.87 avg=   78.17 max=   78.57 max/avg= 1.005
 TIME STEP 61 -->    0.038 us
 TIME STEP 61 -->    0.038 us
 TIME STEP 61 -->    0.038 us
 TIME STEP 61 -->    0.038 us
 poisson    (ms) =   119.2
 mover      (ms) =   341.9
 total      (ms) =   647.8
 ----- OMP load imbalance across iproc (min/avg/max, max/avg ratio) -----
  mover_push(ms) min=  255.37 avg=  256.09 max=  259.79 max/avg= 1.014
  dep_loop(ms)   min=   80.16 avg=   80.82 max=   82.10 max/avg= 1.016
 poisson    (ms) =   157.5
 mover      (ms) =   337.1
 total      (ms) =   647.8
 ----- OMP load imbalance across iproc (min/avg/max, max/avg ratio) -----
  mover_push(ms) min=  255.97 avg=  256.07 max=  256.18 max/avg= 1.000
  dep_loop(ms)   min=   80.60 avg=   80.74 max=   80.95 max/avg= 1.003
 poisson    (ms) =   157.8
 mover      (ms) =   338.6
 total      (ms) =   647.8
 ----- OMP load imbalance across iproc (min/avg/max, max/avg ratio) -----
  mover_push(ms) min=  256.25 avg=  256.44 max=  256.71 max/avg= 1.001
  dep_loop(ms)   min=   81.11 avg=   81.37 max=   81.87 max/avg= 1.006
 poisson    (ms) =   157.4
 mover      (ms) =   338.4
 total      (ms) =   647.8
 ----- OMP load imbalance across iproc (min/avg/max, max/avg ratio) -----
  mover_push(ms) min=  255.88 avg=  256.32 max=  256.70 max/avg= 1.001
  dep_loop(ms)   min=   80.98 avg=   81.29 max=   81.72 max/avg= 1.005
 TIME STEP 66 -->    0.041 us
 TIME STEP 66 -->    0.041 us
 TIME STEP 66 -->    0.041 us
 TIME STEP 66 -->    0.041 us
 poisson    (ms) =   113.4
 mover      (ms) =   331.7
 total      (ms) =  1170.2
 ----- OMP load imbalance across iproc (min/avg/max, max/avg ratio) -----
  mover_push(ms) min=  250.70 avg=  251.12 max=  252.03 max/avg= 1.004
  dep_loop(ms)   min=   77.42 avg=   78.02 max=   79.69 max/avg= 1.021
 poisson    (ms) =   153.0
 mover      (ms) =   329.1
 total      (ms) =  1170.1
 ----- OMP load imbalance across iproc (min/avg/max, max/avg ratio) -----
  mover_push(ms) min=  251.13 avg=  251.21 max=  251.26 max/avg= 1.000
  dep_loop(ms)   min=   77.71 avg=   77.78 max=   77.87 max/avg= 1.001
 poisson    (ms) =   157.7
 mover      (ms) =   330.4
 total      (ms) =  1170.2
 ----- OMP load imbalance across iproc (min/avg/max, max/avg ratio) -----
  mover_push(ms) min=  251.52 avg=  251.67 max=  251.95 max/avg= 1.001
  dep_loop(ms)   min=   78.04 avg=   78.23 max=   78.42 max/avg= 1.002
 poisson    (ms) =   157.2
 mover      (ms) =   333.3
 total      (ms) =  1170.2
 ----- OMP load imbalance across iproc (min/avg/max, max/avg ratio) -----
  mover_push(ms) min=  251.06 avg=  252.12 max=  254.82 max/avg= 1.011
  dep_loop(ms)   min=   76.76 avg=   77.88 max=   78.47 max/avg= 1.008
 TIME STEP 71 -->    0.044 us
 TIME STEP 71 -->    0.044 us
 TIME STEP 71 -->    0.044 us
 TIME STEP 71 -->    0.044 us
 poisson    (ms) =   112.2
 mover      (ms) =   340.8
 total      (ms) =   635.4
 ----- OMP load imbalance across iproc (min/avg/max, max/avg ratio) -----
  mover_push(ms) min=  253.97 avg=  255.52 max=  259.03 max/avg= 1.014
  dep_loop(ms)   min=   79.30 avg=   80.17 max=   81.81 max/avg= 1.020
 poisson    (ms) =   150.5
 mover      (ms) =   335.4
 total      (ms) =   635.4
 ----- OMP load imbalance across iproc (min/avg/max, max/avg ratio) -----
  mover_push(ms) min=  254.70 avg=  254.84 max=  255.03 max/avg= 1.001
  dep_loop(ms)   min=   80.04 avg=   80.25 max=   80.41 max/avg= 1.002
 poisson    (ms) =   150.7
 mover      (ms) =   337.9
 total      (ms) =   635.4
 ----- OMP load imbalance across iproc (min/avg/max, max/avg ratio) -----
  mover_push(ms) min=  255.49 avg=  255.66 max=  255.92 max/avg= 1.001
  dep_loop(ms)   min=   81.09 avg=   81.37 max=   81.98 max/avg= 1.008
 poisson    (ms) =   150.4
 mover      (ms) =   339.3
 total      (ms) =   635.4
 ----- OMP load imbalance across iproc (min/avg/max, max/avg ratio) -----
  mover_push(ms) min=  255.42 avg=  256.02 max=  257.81 max/avg= 1.007
  dep_loop(ms)   min=   80.29 avg=   80.99 max=   81.45 max/avg= 1.006
 TIME STEP 76 -->    0.047 us
 TIME STEP 76 -->    0.047 us
 TIME STEP 76 -->    0.047 us
 TIME STEP 76 -->    0.047 us
 poisson    (ms) =   112.2
 mover      (ms) =   333.6
 total      (ms) =  1164.5
 ----- OMP load imbalance across iproc (min/avg/max, max/avg ratio) -----
  mover_push(ms) min=  250.16 avg=  251.20 max=  254.42 max/avg= 1.013
  dep_loop(ms)   min=   75.98 avg=   77.93 max=   79.23 max/avg= 1.017
 poisson    (ms) =   149.9
 mover      (ms) =   329.7
 total      (ms) =  1164.5
 ----- OMP load imbalance across iproc (min/avg/max, max/avg ratio) -----
  mover_push(ms) min=  250.56 avg=  251.05 max=  251.51 max/avg= 1.002
  dep_loop(ms)   min=   77.54 avg=   77.82 max=   78.23 max/avg= 1.005
 poisson    (ms) =   155.4
 mover      (ms) =   329.7
 total      (ms) =  1164.5
 ----- OMP load imbalance across iproc (min/avg/max, max/avg ratio) -----
  mover_push(ms) min=  250.82 avg=  250.96 max=  251.21 max/avg= 1.001
  dep_loop(ms)   min=   77.73 avg=   78.08 max=   78.51 max/avg= 1.006
 poisson    (ms) =   155.8
 mover      (ms) =   335.6
 total      (ms) =  1164.5
 ----- OMP load imbalance across iproc (min/avg/max, max/avg ratio) -----
  mover_push(ms) min=  250.48 avg=  251.76 max=  257.02 max/avg= 1.021
  dep_loop(ms)   min=   75.82 avg=   77.84 max=   78.63 max/avg= 1.010
 TIME STEP 81 -->    0.051 us
 TIME STEP 81 -->    0.051 us
 TIME STEP 81 -->    0.051 us
 TIME STEP 81 -->    0.051 us
 poisson    (ms) =   110.7
 mover      (ms) =   338.8
 total      (ms) =   635.5
 ----- OMP load imbalance across iproc (min/avg/max, max/avg ratio) -----
  mover_push(ms) min=  254.23 avg=  255.08 max=  257.51 max/avg= 1.010
  dep_loop(ms)   min=   79.76 avg=   80.40 max=   81.27 max/avg= 1.011
 poisson    (ms) =   149.1
 mover      (ms) =   336.6
 total      (ms) =   635.5
 ----- OMP load imbalance across iproc (min/avg/max, max/avg ratio) -----
  mover_push(ms) min=  253.87 avg=  254.45 max=  255.20 max/avg= 1.003
  dep_loop(ms)   min=   80.02 avg=   80.54 max=   81.42 max/avg= 1.011
 poisson    (ms) =   149.3
 mover      (ms) =   337.2
 total      (ms) =   635.5
 ----- OMP load imbalance across iproc (min/avg/max, max/avg ratio) -----
  mover_push(ms) min=  255.18 avg=  255.33 max=  255.55 max/avg= 1.001
  dep_loop(ms)   min=   81.03 avg=   81.22 max=   81.63 max/avg= 1.005
 poisson    (ms) =   149.0
 mover      (ms) =   338.0
 total      (ms) =   635.5
 ----- OMP load imbalance across iproc (min/avg/max, max/avg ratio) -----
  mover_push(ms) min=  254.39 avg=  255.15 max=  256.48 max/avg= 1.005
  dep_loop(ms)   min=   80.36 avg=   81.17 max=   81.56 max/avg= 1.005
 TIME STEP 86 -->    0.054 us
 TIME STEP 86 -->    0.054 us
 TIME STEP 86 -->    0.054 us
 TIME STEP 86 -->    0.054 us
 poisson    (ms) =   110.9
 mover      (ms) =   329.4
 total      (ms) =  1158.1
 ----- OMP load imbalance across iproc (min/avg/max, max/avg ratio) -----
  mover_push(ms) min=  249.16 avg=  249.84 max=  250.42 max/avg= 1.002
  dep_loop(ms)   min=   77.02 avg=   77.63 max=   79.01 max/avg= 1.018
 poisson    (ms) =   149.6
 mover      (ms) =   334.0
 total      (ms) =  1158.1
 ----- OMP load imbalance across iproc (min/avg/max, max/avg ratio) -----
  mover_push(ms) min=  249.67 avg=  250.70 max=  255.77 max/avg= 1.020
  dep_loop(ms)   min=   75.59 avg=   77.26 max=   78.28 max/avg= 1.013
 poisson    (ms) =   154.3
 mover      (ms) =   329.1
 total      (ms) =  1158.1
 ----- OMP load imbalance across iproc (min/avg/max, max/avg ratio) -----
  mover_push(ms) min=  250.40 avg=  250.54 max=  250.81 max/avg= 1.001
  dep_loop(ms)   min=   77.81 avg=   77.98 max=   78.30 max/avg= 1.004
 poisson    (ms) =   154.7
 mover      (ms) =   333.9
 total      (ms) =  1158.1
 ----- OMP load imbalance across iproc (min/avg/max, max/avg ratio) -----
  mover_push(ms) min=  249.83 avg=  251.59 max=  255.59 max/avg= 1.016
  dep_loop(ms)   min=   75.98 avg=   77.38 max=   78.34 max/avg= 1.012
 TIME STEP 91 -->    0.057 us
 TIME STEP 91 -->    0.057 us
 TIME STEP 91 -->    0.057 us
 TIME STEP 91 -->    0.057 us
 poisson    (ms) =   110.6
 mover      (ms) =   335.2
 total      (ms) =   632.9
 ----- OMP load imbalance across iproc (min/avg/max, max/avg ratio) -----
  mover_push(ms) min=  252.79 avg=  253.18 max=  253.55 max/avg= 1.001
  dep_loop(ms)   min=   80.15 avg=   80.65 max=   81.68 max/avg= 1.013
 poisson    (ms) =   149.1
 mover      (ms) =   336.4
 total      (ms) =   632.9
 ----- OMP load imbalance across iproc (min/avg/max, max/avg ratio) -----
  mover_push(ms) min=  253.19 avg=  253.98 max=  255.26 max/avg= 1.005
  dep_loop(ms)   min=   79.74 avg=   80.47 max=   81.13 max/avg= 1.008
 poisson    (ms) =   149.3
 mover      (ms) =   335.6
 total      (ms) =   632.9
 ----- OMP load imbalance across iproc (min/avg/max, max/avg ratio) -----
  mover_push(ms) min=  253.84 avg=  254.02 max=  254.28 max/avg= 1.001
  dep_loop(ms)   min=   80.61 avg=   80.83 max=   81.29 max/avg= 1.006
 poisson    (ms) =   149.0
 mover      (ms) =   340.5
 total      (ms) =   632.9
 ----- OMP load imbalance across iproc (min/avg/max, max/avg ratio) -----
  mover_push(ms) min=  254.08 avg=  255.53 max=  259.88 max/avg= 1.017
  dep_loop(ms)   min=   79.78 avg=   80.41 max=   80.61 max/avg= 1.003

--- legacy: MPI=4 x OMP=8 (= 32 cores, OMP_PLACES=cores) ---
 it=        1, t (us)=    0.0, np=   36352518     7304848           0    18249352    10948016
 it=        6, t (us)=    0.0, np=   35666473     7304507           0    18248708    10947351
 <t> (ms): E/rho=   92.6, poisson=  109.6, sorting=    0.0, avg/write=  150.8, MC=    0.0, mover=   286.8, bck=    0.0, total=   639.8
 ----- LEGACY OMP load imbalance across iproc (min/avg/max, max/avg ratio) -----
  push(ms) min=  187.09 avg=  197.25 max=  210.06 max/avg= 1.065
  dep (ms) min=   54.94 avg=   79.14 max=   96.45 max/avg= 1.219
 it=       11, t (us)=    0.0, np=   35180595     7310818         106    18251011    10952535
 <t> (ms): E/rho=   90.6, poisson=  118.8, sorting=   50.4, avg/write=  127.8, MC=  532.4, mover=   305.8, bck=    0.0, total=  1225.8
 ----- LEGACY OMP load imbalance across iproc (min/avg/max, max/avg ratio) -----
  push(ms) min=  207.28 avg=  212.57 max=  220.37 max/avg= 1.037
  dep (ms) min=   55.15 avg=   78.42 max=   95.25 max/avg= 1.215
 it=       16, t (us)=    0.0, np=   34773379     7310461         106    18250289    10951816
 <t> (ms): E/rho=   90.4, poisson=  120.4, sorting=    0.0, avg/write=  133.4, MC=    0.0, mover=   284.8, bck=    0.0, total=   629.0
 ----- LEGACY OMP load imbalance across iproc (min/avg/max, max/avg ratio) -----
  push(ms) min=  184.64 avg=  194.87 max=  207.79 max/avg= 1.066
  dep (ms) min=   54.56 avg=   77.76 max=   94.46 max/avg= 1.215
 it=       21, t (us)=    0.0, np=   34449493     7316457         240    18252634    10956669
 <t> (ms): E/rho=   90.8, poisson=  122.6, sorting=   52.4, avg/write=  127.8, MC=  551.4, mover=   301.6, bck=    0.0, total=  1246.6
 ----- LEGACY OMP load imbalance across iproc (min/avg/max, max/avg ratio) -----
  push(ms) min=  204.90 avg=  210.31 max=  218.17 max/avg= 1.037
  dep (ms) min=   55.45 avg=   77.45 max=   93.64 max/avg= 1.209
 it=       26, t (us)=    0.0, np=   34166598     7316049         240    18251879    10955803
 <t> (ms): E/rho=   89.4, poisson=  117.8, sorting=    0.0, avg/write=  131.2, MC=    0.0, mover=   279.2, bck=    0.0, total=   617.6
 ----- LEGACY OMP load imbalance across iproc (min/avg/max, max/avg ratio) -----
  push(ms) min=  183.24 avg=  193.25 max=  205.78 max/avg= 1.065
  dep (ms) min=   54.50 avg=   76.72 max=   92.84 max/avg= 1.210
 it=       31, t (us)=    0.0, np=   33945243     7321785         385    18254057    10960499
 <t> (ms): E/rho=   89.4, poisson=  118.0, sorting=   49.6, avg/write=  128.6, MC=  545.0, mover=   298.6, bck=    0.0, total=  1229.2
 ----- LEGACY OMP load imbalance across iproc (min/avg/max, max/avg ratio) -----
  push(ms) min=  203.52 avg=  208.89 max=  216.60 max/avg= 1.037
  dep (ms) min=   55.34 avg=   76.39 max=   91.81 max/avg= 1.202
 it=       36, t (us)=    0.0, np=   33743318     7321350         385    18253224    10959569
 <t> (ms): E/rho=   89.8, poisson=  118.0, sorting=    0.0, avg/write=  133.0, MC=    0.0, mover=   279.2, bck=    0.0, total=   620.0
 ----- LEGACY OMP load imbalance across iproc (min/avg/max, max/avg ratio) -----
  push(ms) min=  181.99 avg=  192.09 max=  204.49 max/avg= 1.065
  dep (ms) min=   54.27 avg=   75.53 max=   91.35 max/avg= 1.210
 it=       41, t (us)=    0.0, np=   33581776     7327156         517    18255349    10964238
 <t> (ms): E/rho=   88.8, poisson=  118.0, sorting=   50.2, avg/write=  128.4, MC=  533.6, mover=   296.8, bck=    0.0, total=  1215.8
 ----- LEGACY OMP load imbalance across iproc (min/avg/max, max/avg ratio) -----
  push(ms) min=  202.13 avg=  207.70 max=  214.91 max/avg= 1.035
  dep (ms) min=   55.34 avg=   75.81 max=   91.30 max/avg= 1.204
 it=       46, t (us)=    0.0, np=   33420984     7326635         517    18254461    10963164
 <t> (ms): E/rho=   89.8, poisson=  118.6, sorting=    0.0, avg/write=  126.4, MC=    0.0, mover=   275.2, bck=    0.0, total=   610.0
 ----- LEGACY OMP load imbalance across iproc (min/avg/max, max/avg ratio) -----
  push(ms) min=  181.37 avg=  191.31 max=  203.50 max/avg= 1.064
  dep (ms) min=   54.57 avg=   75.21 max=   90.58 max/avg= 1.204
 it=       51, t (us)=    0.0, np=   33288551     7332129         647    18256533    10967591
 <t> (ms): E/rho=   88.4, poisson=  115.8, sorting=   49.6, avg/write= 1415.6, MC=  527.4, mover=   295.4, bck=    0.0, total=  2492.2
 ----- LEGACY OMP load imbalance across iproc (min/avg/max, max/avg ratio) -----
  push(ms) min=  201.53 avg=  206.86 max=  213.71 max/avg= 1.033
  dep (ms) min=   55.16 avg=   75.31 max=   90.46 max/avg= 1.201
 it=       56, t (us)=    0.0, np=   33150964     7331577         647    18255529    10966305
 <t> (ms): E/rho=   89.2, poisson=  111.2, sorting=    0.0, avg/write=  150.0, MC=    0.0, mover=   276.0, bck=    0.0, total=   626.4
 ----- LEGACY OMP load imbalance across iproc (min/avg/max, max/avg ratio) -----
  push(ms) min=  180.80 avg=  190.58 max=  202.57 max/avg= 1.063
  dep (ms) min=   53.86 avg=   74.32 max=   89.65 max/avg= 1.206
 it=       61, t (us)=    0.0, np=   33036667     7337180         793    18257605    10970415
 <t> (ms): E/rho=   88.0, poisson=  111.6, sorting=   49.6, avg/write=  132.2, MC=  527.4, mover=   294.0, bck=    0.0, total=  1202.8
 ----- LEGACY OMP load imbalance across iproc (min/avg/max, max/avg ratio) -----
  push(ms) min=  201.03 avg=  206.17 max=  212.76 max/avg= 1.032
  dep (ms) min=   55.07 avg=   74.74 max=   89.66 max/avg= 1.200
 it=       66, t (us)=    0.0, np=   32910651     7336579         793    18256572    10968883
 <t> (ms): E/rho=   89.2, poisson=  106.8, sorting=    0.0, avg/write=  124.8, MC=    0.0, mover=   272.8, bck=    0.0, total=   593.6
 ----- LEGACY OMP load imbalance across iproc (min/avg/max, max/avg ratio) -----
  push(ms) min=  180.40 avg=  190.07 max=  201.81 max/avg= 1.062
  dep (ms) min=   54.05 avg=   73.97 max=   89.17 max/avg= 1.205
 it=       71, t (us)=    0.0, np=   32807690     7342162         926    18258319    10972607
 <t> (ms): E/rho=   88.2, poisson=  106.6, sorting=   49.0, avg/write=  127.0, MC=  518.8, mover=   293.0, bck=    0.0, total=  1182.6
 ----- LEGACY OMP load imbalance across iproc (min/avg/max, max/avg ratio) -----
  push(ms) min=  200.69 avg=  205.62 max=  211.84 max/avg= 1.030
  dep (ms) min=   54.94 avg=   74.27 max=   89.20 max/avg= 1.201
 it=       76, t (us)=    0.0, np=   32695383     7341448         926    18257027    10970762
 <t> (ms): E/rho=   88.4, poisson=  105.4, sorting=    0.0, avg/write=  125.4, MC=    0.0, mover=   274.2, bck=    0.0, total=   593.4
 ----- LEGACY OMP load imbalance across iproc (min/avg/max, max/avg ratio) -----
  push(ms) min=  179.97 avg=  189.52 max=  201.18 max/avg= 1.062
  dep (ms) min=   53.93 avg=   73.57 max=   88.48 max/avg= 1.203
 it=       81, t (us)=    0.1, np=   32604217     7347068        1055    18258797    10974398
 <t> (ms): E/rho=   88.2, poisson=  105.4, sorting=   48.8, avg/write=  123.4, MC=  515.4, mover=   291.6, bck=    0.0, total=  1172.8
 ----- LEGACY OMP load imbalance across iproc (min/avg/max, max/avg ratio) -----
  push(ms) min=  200.04 avg=  204.90 max=  210.95 max/avg= 1.030
  dep (ms) min=   54.95 avg=   74.03 max=   88.81 max/avg= 1.200

--- modular: MPI=8 x OMP=4 (= 32 cores, OMP_PLACES=cores) ---
 TIME STEP 1 -->    0.001 us
 TIME STEP 1 -->    0.001 us
 TIME STEP 1 -->    0.001 us
 TIME STEP 1 -->    0.001 us
 TIME STEP 1 -->    0.001 us
 TIME STEP 1 -->    0.001 us
 TIME STEP 1 -->    0.001 us
 TIME STEP 1 -->    0.001 us
 TIME STEP 6 -->    0.004 us
 TIME STEP 6 -->    0.004 us
 TIME STEP 6 -->    0.004 us
 TIME STEP 6 -->    0.004 us
 TIME STEP 6 -->    0.004 us
 TIME STEP 6 -->    0.004 us
 TIME STEP 6 -->    0.004 us
 TIME STEP 6 -->    0.004 us
 poisson    (ms) =   173.7
 mover      (ms) =   564.3
 total      (ms) =  1464.5
 ----- OMP load imbalance across iproc (min/avg/max, max/avg ratio) -----
  mover_push(ms) min=  419.20 avg=  420.70 max=  421.92 max/avg= 1.003
  dep_loop(ms)   min=  140.02 avg=  141.20 max=  142.42 max/avg= 1.009
 poisson    (ms) =   167.2
 mover      (ms) =   564.4
 total      (ms) =  1463.3
 ----- OMP load imbalance across iproc (min/avg/max, max/avg ratio) -----
  mover_push(ms) min=  417.20 avg=  419.90 max=  421.71 max/avg= 1.004
  dep_loop(ms)   min=  140.28 avg=  141.30 max=  142.70 max/avg= 1.010
 poisson    (ms) =   172.0
 mover      (ms) =   557.6
 total      (ms) =  1461.9
 poisson    (ms) =   170.4
 mover      (ms) =   560.5
 total      (ms) =  1462.9
 ----- OMP load imbalance across iproc (min/avg/max, max/avg ratio) -----
  mover_push(ms) min=  417.45 avg=  418.73 max=  419.88 max/avg= 1.003
  dep_loop(ms)   min=  139.66 avg=  140.14 max=  140.63 max/avg= 1.003
 poisson    (ms) =   172.5
 mover      (ms) =   560.2
 total      (ms) =  1460.8
 ----- OMP load imbalance across iproc (min/avg/max, max/avg ratio) -----
  mover_push(ms) min=  415.06 avg=  416.91 max=  418.56 max/avg= 1.004
  dep_loop(ms)   min=  140.27 avg=  140.84 max=  141.61 max/avg= 1.005
 ----- OMP load imbalance across iproc (min/avg/max, max/avg ratio) -----
  mover_push(ms) min=  413.04 avg=  414.40 max=  415.67 max/avg= 1.003
  dep_loop(ms)   min=  139.65 avg=  140.59 max=  141.93 max/avg= 1.009
 poisson    (ms) =   172.9
 mover      (ms) =   561.4
 total      (ms) =  1462.2
 ----- OMP load imbalance across iproc (min/avg/max, max/avg ratio) -----
  mover_push(ms) min=  414.08 avg=  416.82 max=  418.86 max/avg= 1.005
  dep_loop(ms)   min=  140.09 avg=  141.29 max=  142.58 max/avg= 1.009
 poisson    (ms) =   171.6
 mover      (ms) =   554.5
 total      (ms) =  1461.9
 ----- OMP load imbalance across iproc (min/avg/max, max/avg ratio) -----
  mover_push(ms) min=  411.50 avg=  412.56 max=  413.30 max/avg= 1.002
  dep_loop(ms)   min=  139.65 avg=  140.37 max=  141.19 max/avg= 1.006
 poisson    (ms) =   131.0
 mover      (ms) =   563.5
 total      (ms) =  1461.3
 ----- OMP load imbalance across iproc (min/avg/max, max/avg ratio) -----
  mover_push(ms) min=  415.23 avg=  417.50 max=  422.68 max/avg= 1.012
  dep_loop(ms)   min=  137.29 avg=  139.56 max=  140.80 max/avg= 1.009
 TIME STEP 11 -->    0.007 us
 TIME STEP 11 -->    0.007 us
 TIME STEP 11 -->    0.007 us
 TIME STEP 11 -->    0.007 us
 TIME STEP 11 -->    0.007 us
 TIME STEP 11 -->    0.007 us
 TIME STEP 11 -->    0.007 us
 TIME STEP 11 -->    0.007 us
 poisson    (ms) =   140.0
 mover      (ms) =   370.2
 total      (ms) =   712.3
 ----- OMP load imbalance across iproc (min/avg/max, max/avg ratio) -----
  mover_push(ms) min=  280.81 avg=  283.53 max=  288.54 max/avg= 1.018
  dep_loop(ms)   min=   79.48 avg=   80.56 max=   81.62 max/avg= 1.013
 poisson    (ms) =   177.7
 mover      (ms) =   368.4
 total      (ms) =   712.4
 ----- OMP load imbalance across iproc (min/avg/max, max/avg ratio) -----
  mover_push(ms) min=  283.02 avg=  284.05 max=  285.76 max/avg= 1.006
  dep_loop(ms)   min=   81.20 avg=   81.92 max=   82.60 max/avg= 1.008
 poisson    (ms) =   177.4
 mover      (ms) =   367.5
 total      (ms) =   712.4
 ----- OMP load imbalance across iproc (min/avg/max, max/avg ratio) -----
  mover_push(ms) min=  280.02 avg=  281.33 max=  283.38 max/avg= 1.007
  dep_loop(ms)   min=   82.34 avg=   83.04 max=   84.14 max/avg= 1.013
 poisson    (ms) =   177.1
 mover      (ms) =   365.5
 total      (ms) =   712.4
 ----- OMP load imbalance across iproc (min/avg/max, max/avg ratio) -----
  mover_push(ms) min=  281.38 avg=  282.16 max=  283.26 max/avg= 1.004
  dep_loop(ms)   min=   81.11 avg=   81.68 max=   82.23 max/avg= 1.007
 poisson    (ms) =   172.7
 mover      (ms) =   368.3
 total      (ms) =   712.4
 ----- OMP load imbalance across iproc (min/avg/max, max/avg ratio) -----
  mover_push(ms) min=  281.10 avg=  283.39 max=  285.69 max/avg= 1.008
  dep_loop(ms)   min=   80.76 avg=   81.65 max=   82.64 max/avg= 1.012
 poisson    (ms) =   177.4
 mover      (ms) =   360.5
 total      (ms) =   712.4
 ----- OMP load imbalance across iproc (min/avg/max, max/avg ratio) -----
  mover_push(ms) min=  274.82 avg=  276.85 max=  279.10 max/avg= 1.008
  dep_loop(ms)   min=   79.89 avg=   80.68 max=   81.38 max/avg= 1.009
 poisson    (ms) =   177.8
 mover      (ms) =   362.7
 total      (ms) =   712.4
 ----- OMP load imbalance across iproc (min/avg/max, max/avg ratio) -----
  mover_push(ms) min=  276.97 avg=  278.44 max=  279.92 max/avg= 1.005
  dep_loop(ms)   min=   81.61 avg=   82.11 max=   82.82 max/avg= 1.009
 poisson    (ms) =   177.5
 mover      (ms) =   366.2
 total      (ms) =   712.4
 ----- OMP load imbalance across iproc (min/avg/max, max/avg ratio) -----
  mover_push(ms) min=  277.96 avg=  278.75 max=  280.46 max/avg= 1.006
  dep_loop(ms)   min=   82.44 avg=   83.89 max=   85.73 max/avg= 1.022
 TIME STEP 16 -->    0.010 us
 TIME STEP 16 -->    0.010 us
 TIME STEP 16 -->    0.010 us
 TIME STEP 16 -->    0.010 us
 TIME STEP 16 -->    0.010 us
 TIME STEP 16 -->    0.010 us
 TIME STEP 16 -->    0.010 us
 TIME STEP 16 -->    0.010 us
 poisson    (ms) =   176.1
 mover      (ms) =   353.4
 total      (ms) =  1192.2
 ----- OMP load imbalance across iproc (min/avg/max, max/avg ratio) -----
  mover_push(ms) min=  270.89 avg=  271.70 max=  272.91 max/avg= 1.004
  dep_loop(ms)   min=   78.97 avg=   79.75 max=   80.48 max/avg= 1.009
 poisson    (ms) =   169.5
 mover      (ms) =   350.5
 total      (ms) =  1192.2
 ----- OMP load imbalance across iproc (min/avg/max, max/avg ratio) -----
  mover_push(ms) min=  269.95 avg=  270.38 max=  270.77 max/avg= 1.001
  dep_loop(ms)   min=   78.88 avg=   79.31 max=   79.77 max/avg= 1.006
 poisson    (ms) =   177.1
 mover      (ms) =   349.9
 total      (ms) =  1192.2
 ----- OMP load imbalance across iproc (min/avg/max, max/avg ratio) -----
  mover_push(ms) min=  267.61 avg=  268.11 max=  268.65 max/avg= 1.002
  dep_loop(ms)   min=   79.02 avg=   80.05 max=   81.22 max/avg= 1.015
 poisson    (ms) =   177.9
 mover      (ms) =   351.1
 total      (ms) =  1192.2
 ----- OMP load imbalance across iproc (min/avg/max, max/avg ratio) -----
  mover_push(ms) min=  267.31 avg=  268.74 max=  271.16 max/avg= 1.009
  dep_loop(ms)   min=   77.40 avg=   78.63 max=   79.97 max/avg= 1.017
 poisson    (ms) =   174.2
 mover      (ms) =   355.9
 total      (ms) =  1192.3
 ----- OMP load imbalance across iproc (min/avg/max, max/avg ratio) -----
  mover_push(ms) min=  271.30 avg=  272.60 max=  274.78 max/avg= 1.008
  dep_loop(ms)   min=   78.43 avg=   79.44 max=   81.14 max/avg= 1.021
 poisson    (ms) =   179.1
 mover      (ms) =   346.8
 total      (ms) =  1192.3
 ----- OMP load imbalance across iproc (min/avg/max, max/avg ratio) -----
  mover_push(ms) min=  267.30 avg=  267.85 max=  268.29 max/avg= 1.002
  dep_loop(ms)   min=   77.54 avg=   77.98 max=   78.53 max/avg= 1.007
 poisson    (ms) =   175.0
 mover      (ms) =   350.5
 total      (ms) =  1192.2
 ----- OMP load imbalance across iproc (min/avg/max, max/avg ratio) -----
  mover_push(ms) min=  267.34 avg=  268.37 max=  270.50 max/avg= 1.008
  dep_loop(ms)   min=   77.78 avg=   78.84 max=   79.97 max/avg= 1.014
 poisson    (ms) =   139.8
 mover      (ms) =   352.1
 total      (ms) =  1192.3
 ----- OMP load imbalance across iproc (min/avg/max, max/avg ratio) -----
  mover_push(ms) min=  269.10 avg=  270.17 max=  272.77 max/avg= 1.010
  dep_loop(ms)   min=   77.86 avg=   78.69 max=   79.33 max/avg= 1.008
 TIME STEP 21 -->    0.013 us
 TIME STEP 21 -->    0.013 us
 TIME STEP 21 -->    0.013 us
 TIME STEP 21 -->    0.013 us
 TIME STEP 21 -->    0.013 us
 TIME STEP 21 -->    0.013 us
 TIME STEP 21 -->    0.013 us
 TIME STEP 21 -->    0.013 us
 poisson    (ms) =   178.4
 mover      (ms) =   364.7
 total      (ms) =   715.3
 ----- OMP load imbalance across iproc (min/avg/max, max/avg ratio) -----
  mover_push(ms) min=  276.74 avg=  278.42 max=  282.62 max/avg= 1.015
  dep_loop(ms)   min=   80.47 avg=   81.09 max=   82.13 max/avg= 1.013
 poisson    (ms) =   182.7
 mover      (ms) =   363.0
 total      (ms) =   715.3
 ----- OMP load imbalance across iproc (min/avg/max, max/avg ratio) -----
  mover_push(ms) min=  276.81 avg=  277.73 max=  279.80 max/avg= 1.007
  dep_loop(ms)   min=   81.89 avg=   82.47 max=   83.20 max/avg= 1.009
 poisson    (ms) =   182.6
 mover      (ms) =   368.0
 total      (ms) =   715.3
 ----- OMP load imbalance across iproc (min/avg/max, max/avg ratio) -----
  mover_push(ms) min=  279.75 avg=  281.55 max=  285.48 max/avg= 1.014
  dep_loop(ms)   min=   79.99 avg=   81.14 max=   82.54 max/avg= 1.017
 poisson    (ms) =   182.7
 mover      (ms) =   360.4
 total      (ms) =   715.3
 ----- OMP load imbalance across iproc (min/avg/max, max/avg ratio) -----
  mover_push(ms) min=  275.90 avg=  276.75 max=  278.45 max/avg= 1.006
  dep_loop(ms)   min=   80.58 avg=   81.08 max=   81.99 max/avg= 1.011
 poisson    (ms) =   182.3
 mover      (ms) =   366.4
 total      (ms) =   715.3
 ----- OMP load imbalance across iproc (min/avg/max, max/avg ratio) -----
  mover_push(ms) min=  279.04 avg=  280.41 max=  284.04 max/avg= 1.013
  dep_loop(ms)   min=   80.29 avg=   81.25 max=   82.39 max/avg= 1.014
 poisson    (ms) =   143.3
 mover      (ms) =   363.1
 total      (ms) =   715.2
 ----- OMP load imbalance across iproc (min/avg/max, max/avg ratio) -----
  mover_push(ms) min=  278.00 avg=  279.67 max=  282.11 max/avg= 1.009
  dep_loop(ms)   min=   79.90 avg=   80.35 max=   81.02 max/avg= 1.008
 poisson    (ms) =   183.0
 mover      (ms) =   351.1
 total      (ms) =   715.2
 ----- OMP load imbalance across iproc (min/avg/max, max/avg ratio) -----
  mover_push(ms) min=  270.85 avg=  270.88 max=  270.92 max/avg= 1.000
  dep_loop(ms)   min=   79.46 avg=   79.81 max=   80.16 max/avg= 1.004
 poisson    (ms) =   182.7
 mover      (ms) =   352.7
 total      (ms) =   715.3
 ----- OMP load imbalance across iproc (min/avg/max, max/avg ratio) -----
  mover_push(ms) min=  269.59 avg=  270.13 max=  271.04 max/avg= 1.003
  dep_loop(ms)   min=   79.83 avg=   80.51 max=   81.67 max/avg= 1.014
 TIME STEP 26 -->    0.016 us
 TIME STEP 26 -->    0.016 us
 TIME STEP 26 -->    0.016 us
 TIME STEP 26 -->    0.016 us
 TIME STEP 26 -->    0.016 us
 TIME STEP 26 -->    0.016 us
 TIME STEP 26 -->    0.016 us
 TIME STEP 26 -->    0.016 us
 poisson    (ms) =   175.8
 mover      (ms) =   348.0
 total      (ms) =  1172.4
 ----- OMP load imbalance across iproc (min/avg/max, max/avg ratio) -----
  mover_push(ms) min=  267.70 avg=  268.14 max=  268.54 max/avg= 1.001
  dep_loop(ms)   min=   78.31 avg=   78.93 max=   79.48 max/avg= 1.007
 poisson    (ms) =   169.6
 mover      (ms) =   346.2
 total      (ms) =  1172.4
 ----- OMP load imbalance across iproc (min/avg/max, max/avg ratio) -----
  mover_push(ms) min=  266.73 avg=  267.00 max=  267.23 max/avg= 1.001
  dep_loop(ms)   min=   78.40 avg=   78.65 max=   78.93 max/avg= 1.004
 poisson    (ms) =   173.7
 mover      (ms) =   346.3
 total      (ms) =  1172.4
 ----- OMP load imbalance across iproc (min/avg/max, max/avg ratio) -----
  mover_push(ms) min=  267.38 avg=  267.55 max=  267.75 max/avg= 1.001
  dep_loop(ms)   min=   78.17 avg=   78.37 max=   78.53 max/avg= 1.002
 poisson    (ms) =   177.7
 mover      (ms) =   345.7
 total      (ms) =  1172.4
 ----- OMP load imbalance across iproc (min/avg/max, max/avg ratio) -----
  mover_push(ms) min=  266.48 avg=  266.73 max=  266.99 max/avg= 1.001
  dep_loop(ms)   min=   78.19 avg=   78.44 max=   78.70 max/avg= 1.003
 poisson    (ms) =   173.4
 poisson    (ms) =   176.5
 mover      (ms) =   350.4
 total      (ms) =  1172.4
 ----- OMP load imbalance across iproc (min/avg/max, max/avg ratio) -----
  mover_push(ms) min=  266.45 avg=  267.03 max=  268.23 max/avg= 1.004
  dep_loop(ms)   min=   79.34 avg=   80.51 max=   82.18 max/avg= 1.021
 poisson    (ms) =   177.2
 mover      (ms) =   340.6
 total      (ms) =  1172.3
 ----- OMP load imbalance across iproc (min/avg/max, max/avg ratio) -----
  mover_push(ms) min=  261.45 avg=  261.83 max=  262.13 max/avg= 1.001
  dep_loop(ms)   min=   77.39 avg=   77.70 max=   78.51 max/avg= 1.010
 mover      (ms) =   344.2
 total      (ms) =  1172.3
 ----- OMP load imbalance across iproc (min/avg/max, max/avg ratio) -----
  mover_push(ms) min=  264.20 avg=  264.87 max=  265.99 max/avg= 1.004
  dep_loop(ms)   min=   77.04 avg=   77.79 max=   78.25 max/avg= 1.006
 poisson    (ms) =   139.1
 mover      (ms) =   345.7
 total      (ms) =  1172.3
 ----- OMP load imbalance across iproc (min/avg/max, max/avg ratio) -----
  mover_push(ms) min=  265.13 avg=  265.89 max=  267.25 max/avg= 1.005
  dep_loop(ms)   min=   77.45 avg=   78.12 max=   78.44 max/avg= 1.004
 TIME STEP 31 -->    0.019 us
 TIME STEP 31 -->    0.019 us
 TIME STEP 31 -->    0.019 us
 TIME STEP 31 -->    0.019 us
 TIME STEP 31 -->    0.019 us
 TIME STEP 31 -->    0.019 us
 TIME STEP 31 -->    0.019 us
 TIME STEP 31 -->    0.019 us
 poisson    (ms) =   172.9
 mover      (ms) =   355.1
 total      (ms) =   694.8
 ----- OMP load imbalance across iproc (min/avg/max, max/avg ratio) -----
  mover_push(ms) min=  271.65 avg=  272.39 max=  273.68 max/avg= 1.005
  dep_loop(ms)   min=   80.37 avg=   80.75 max=   81.37 max/avg= 1.008
 poisson    (ms) =   177.5
 mover      (ms) =   353.4
 total      (ms) =   694.8
 ----- OMP load imbalance across iproc (min/avg/max, max/avg ratio) -----
  mover_push(ms) min=  272.53 avg=  272.58 max=  272.64 max/avg= 1.000
  dep_loop(ms)   min=   80.67 avg=   80.73 max=   80.78 max/avg= 1.001
 poisson    (ms) =   177.0
 mover      (ms) =   350.8
 total      (ms) =   694.8
 ----- OMP load imbalance across iproc (min/avg/max, max/avg ratio) -----
  mover_push(ms) min=  270.07 avg=  270.12 max=  270.18 max/avg= 1.000
  dep_loop(ms)   min=   80.49 avg=   80.55 max=   80.60 max/avg= 1.001
 poisson    (ms) =   176.8
 mover      (ms) =   358.8
 total      (ms) =   694.8
 ----- OMP load imbalance across iproc (min/avg/max, max/avg ratio) -----
  mover_push(ms) min=  273.62 avg=  274.74 max=  276.34 max/avg= 1.006
  dep_loop(ms)   min=   80.54 avg=   81.37 max=   82.47 max/avg= 1.014
 poisson    (ms) =   177.4
 mover      (ms) =   355.7
 total      (ms) =   694.8
 ----- OMP load imbalance across iproc (min/avg/max, max/avg ratio) -----
  mover_push(ms) min=  270.50 avg=  270.86 max=  271.21 max/avg= 1.001
  dep_loop(ms)   min=   82.63 avg=   83.56 max=   84.48 max/avg= 1.011
 poisson    (ms) =   177.5
 mover      (ms) =   345.4
 total      (ms) =   694.7
 ----- OMP load imbalance across iproc (min/avg/max, max/avg ratio) -----
  mover_push(ms) min=  265.60 avg=  265.75 max=  265.85 max/avg= 1.000
  dep_loop(ms)   min=   79.34 avg=   79.44 max=   79.59 max/avg= 1.002
 poisson    (ms) =   177.5
 mover      (ms) =   345.0
 total      (ms) =   694.7
 ----- OMP load imbalance across iproc (min/avg/max, max/avg ratio) -----
  mover_push(ms) min=  265.62 avg=  265.71 max=  265.82 max/avg= 1.000
  dep_loop(ms)   min=   78.95 avg=   79.06 max=   79.13 max/avg= 1.001
 poisson    (ms) =   138.5
 mover      (ms) =   361.7
 total      (ms) =   694.7
 ----- OMP load imbalance across iproc (min/avg/max, max/avg ratio) -----
  mover_push(ms) min=  272.73 avg=  275.92 max=  280.42 max/avg= 1.016
  dep_loop(ms)   min=   79.27 avg=   80.17 max=   81.31 max/avg= 1.014
 TIME STEP 36 -->    0.022 us
 TIME STEP 36 -->    0.022 us
 TIME STEP 36 -->    0.022 us
 TIME STEP 36 -->    0.022 us
 TIME STEP 36 -->    0.022 us
 TIME STEP 36 -->    0.022 us
 TIME STEP 36 -->    0.022 us
 TIME STEP 36 -->    0.022 us
 poisson    (ms) =   174.5
 mover      (ms) =   344.8
 total      (ms) =  1157.9
 ----- OMP load imbalance across iproc (min/avg/max, max/avg ratio) -----
  mover_push(ms) min=  265.29 avg=  265.54 max=  265.74 max/avg= 1.001
  dep_loop(ms)   min=   78.53 avg=   78.81 max=   79.08 max/avg= 1.003
 poisson    (ms) =   168.4
 mover      (ms) =   345.2
 total      (ms) =  1157.9
 ----- OMP load imbalance across iproc (min/avg/max, max/avg ratio) -----
  mover_push(ms) min=  264.87 avg=  265.42 max=  265.80 max/avg= 1.001
  dep_loop(ms)   min=   78.07 avg=   78.71 max=   79.45 max/avg= 1.009
 poisson    (ms) =   174.3
 mover      (ms) =   344.9
 total      (ms) =  1157.9
 ----- OMP load imbalance across iproc (min/avg/max, max/avg ratio) -----
  mover_push(ms) min=  264.90 avg=  265.15 max=  265.55 max/avg= 1.002
  dep_loop(ms)   min=   78.58 avg=   78.95 max=   79.31 max/avg= 1.005
 poisson    (ms) =   175.3
 mover      (ms) =   337.7
 total      (ms) =  1157.9
 ----- OMP load imbalance across iproc (min/avg/max, max/avg ratio) -----
  mover_push(ms) min=  259.29 avg=  259.63 max=  259.95 max/avg= 1.001
  dep_loop(ms)   min=   77.10 avg=   77.43 max=   77.77 max/avg= 1.004
 poisson    (ms) =   172.7
 mover      (ms) =   343.2
 total      (ms) =  1157.9
 ----- OMP load imbalance across iproc (min/avg/max, max/avg ratio) -----
  mover_push(ms) min=  265.41 avg=  265.45 max=  265.49 max/avg= 1.000
  dep_loop(ms)   min=   77.59 avg=   77.63 max=   77.67 max/avg= 1.001
 poisson    (ms) =   177.7
 mover      (ms) =   340.4
 total      (ms) =  1157.9
 ----- OMP load imbalance across iproc (min/avg/max, max/avg ratio) -----
  mover_push(ms) min=  262.60 avg=  262.63 max=  262.66 max/avg= 1.000
  dep_loop(ms)   min=   77.71 avg=   77.74 max=   77.76 max/avg= 1.000
 poisson    (ms) =   173.1
 mover      (ms) =   339.1
 total      (ms) =  1157.9
 ----- OMP load imbalance across iproc (min/avg/max, max/avg ratio) -----
  mover_push(ms) min=  260.62 avg=  260.83 max=  261.05 max/avg= 1.001
  dep_loop(ms)   min=   77.41 avg=   77.62 max=   78.02 max/avg= 1.005
 poisson    (ms) =   138.4
 mover      (ms) =   339.8
 total      (ms) =  1157.9
 ----- OMP load imbalance across iproc (min/avg/max, max/avg ratio) -----
  mover_push(ms) min=  262.19 avg=  262.29 max=  262.41 max/avg= 1.000
  dep_loop(ms)   min=   77.16 avg=   77.27 max=   77.38 max/avg= 1.001
 TIME STEP 41 -->    0.026 us
 TIME STEP 41 -->    0.026 us
 TIME STEP 41 -->    0.026 us
 TIME STEP 41 -->    0.026 us
 TIME STEP 41 -->    0.026 us
 TIME STEP 41 -->    0.026 us
 TIME STEP 41 -->    0.026 us
 TIME STEP 41 -->    0.026 us
 poisson    (ms) =   176.0
 mover      (ms) =   352.0
 total      (ms) =   691.9
 poisson    (ms) =   176.7
 mover      (ms) =   352.1
 total      (ms) =   691.9
 ----- OMP load imbalance across iproc (min/avg/max, max/avg ratio) -----
  mover_push(ms) min=  267.58 avg=  267.81 max=  268.09 max/avg= 1.001
  dep_loop(ms)   min=   82.15 avg=   82.93 max=   84.04 max/avg= 1.013
 poisson    (ms) =   176.1
 mover      (ms) =   348.0
 total      (ms) =   691.9
 ----- OMP load imbalance across iproc (min/avg/max, max/avg ratio) -----
  mover_push(ms) min=  267.67 avg=  267.73 max=  267.78 max/avg= 1.000
  dep_loop(ms)   min=   80.11 avg=   80.16 max=   80.22 max/avg= 1.001
 ----- OMP load imbalance across iproc (min/avg/max, max/avg ratio) -----
  mover_push(ms) min=  269.91 avg=  270.11 max=  270.29 max/avg= 1.001
  dep_loop(ms)   min=   80.82 avg=   81.27 max=   81.68 max/avg= 1.005
 poisson    (ms) =   172.0
 mover      (ms) =   350.1
 total      (ms) =   691.9
 ----- OMP load imbalance across iproc (min/avg/max, max/avg ratio) -----
  mover_push(ms) min=  268.84 avg=  268.91 max=  268.97 max/avg= 1.000
  dep_loop(ms)   min=   80.97 avg=   81.04 max=   81.12 max/avg= 1.001
 poisson    (ms) =   176.6
 mover      (ms) =   343.4
 total      (ms) =   691.9
 ----- OMP load imbalance across iproc (min/avg/max, max/avg ratio) -----
  mover_push(ms) min=  262.98 avg=  263.25 max=  263.50 max/avg= 1.001
  dep_loop(ms)   min=   79.42 avg=   79.67 max=   79.93 max/avg= 1.003
 poisson    (ms) =   176.8
 mover      (ms) =   353.5
 total      (ms) =   691.9
 ----- OMP load imbalance across iproc (min/avg/max, max/avg ratio) -----
  mover_push(ms) min=  270.65 avg=  271.32 max=  272.03 max/avg= 1.003
  dep_loop(ms)   min=   80.04 avg=   80.62 max=   81.48 max/avg= 1.011
 poisson    (ms) =   176.8
 mover      (ms) =   340.8
 total      (ms) =   691.8
 ----- OMP load imbalance across iproc (min/avg/max, max/avg ratio) -----
  mover_push(ms) min=  262.03 avg=  262.05 max=  262.07 max/avg= 1.000
  dep_loop(ms)   min=   78.65 avg=   78.67 max=   78.69 max/avg= 1.000
 poisson    (ms) =   138.2
 mover      (ms) =   353.3
 total      (ms) =   691.8
 ----- OMP load imbalance across iproc (min/avg/max, max/avg ratio) -----
  mover_push(ms) min=  268.53 avg=  269.83 max=  272.11 max/avg= 1.008
  dep_loop(ms)   min=   80.07 avg=   80.60 max=   81.17 max/avg= 1.007
 TIME STEP 46 -->    0.029 us
 TIME STEP 46 -->    0.029 us
 TIME STEP 46 -->    0.029 us
 TIME STEP 46 -->    0.029 us
 TIME STEP 46 -->    0.029 us
 TIME STEP 46 -->    0.029 us
 TIME STEP 46 -->    0.029 us
 TIME STEP 46 -->    0.029 us
 poisson    (ms) =   174.8
 mover      (ms) =   342.4
 total      (ms) =  1151.6
 ----- OMP load imbalance across iproc (min/avg/max, max/avg ratio) -----
  mover_push(ms) min=  263.40 avg=  263.54 max=  263.70 max/avg= 1.001
  dep_loop(ms)   min=   78.24 avg=   78.45 max=   78.70 max/avg= 1.003
 poisson    (ms) =   168.9
 mover      (ms) =   343.7
 total      (ms) =  1151.6
 ----- OMP load imbalance across iproc (min/avg/max, max/avg ratio) -----
  mover_push(ms) min=  264.36 avg=  264.55 max=  264.77 max/avg= 1.001
  dep_loop(ms)   min=   77.69 avg=   78.28 max=   78.88 max/avg= 1.008
 poisson    (ms) =   176.1
 mover      (ms) =   337.4
 total      (ms) =  1151.6
 ----- OMP load imbalance across iproc (min/avg/max, max/avg ratio) -----
  mover_push(ms) min=  258.97 avg=  259.39 max=  259.71 max/avg= 1.001
  dep_loop(ms)   min=   76.91 avg=   77.23 max=   77.65 max/avg= 1.005
 poisson    (ms) =   172.0
 mover      (ms) =   342.8
 total      (ms) =  1151.6
 ----- OMP load imbalance across iproc (min/avg/max, max/avg ratio) -----
  mover_push(ms) min=  264.43 avg=  264.66 max=  264.88 max/avg= 1.001
  dep_loop(ms)   min=   77.47 avg=   77.65 max=   77.92 max/avg= 1.003
 poisson    (ms) =   177.7
 mover      (ms) =   339.2
 total      (ms) =  1151.6
 ----- OMP load imbalance across iproc (min/avg/max, max/avg ratio) -----
  mover_push(ms) min=  261.69 avg=  261.75 max=  261.81 max/avg= 1.000
  dep_loop(ms)   min=   77.28 avg=   77.34 max=   77.40 max/avg= 1.001
 poisson    (ms) =   173.2
 mover      (ms) =   333.7
 total      (ms) =  1151.6
 ----- OMP load imbalance across iproc (min/avg/max, max/avg ratio) -----
  mover_push(ms) min=  257.25 avg=  257.27 max=  257.29 max/avg= 1.000
  dep_loop(ms)   min=   76.35 avg=   76.37 max=   76.39 max/avg= 1.000
 poisson    (ms) =   175.7
 mover      (ms) =   343.0
 total      (ms) =  1151.6
 ----- OMP load imbalance across iproc (min/avg/max, max/avg ratio) -----
  mover_push(ms) min=  262.32 avg=  262.69 max=  263.04 max/avg= 1.001
  dep_loop(ms)   min=   78.82 avg=   79.40 max=   79.95 max/avg= 1.007
 poisson    (ms) =   137.9
 mover      (ms) =   341.7
 total      (ms) =  1151.6
 ----- OMP load imbalance across iproc (min/avg/max, max/avg ratio) -----
  mover_push(ms) min=  262.24 avg=  262.84 max=  264.09 max/avg= 1.005
  dep_loop(ms)   min=   76.76 avg=   77.33 max=   77.58 max/avg= 1.003
 TIME STEP 51 -->    0.032 us
 TIME STEP 51 -->    0.032 us
 TIME STEP 51 -->    0.032 us
 TIME STEP 51 -->    0.032 us
 TIME STEP 51 -->    0.032 us
 TIME STEP 51 -->    0.032 us
 TIME STEP 51 -->    0.032 us
 TIME STEP 51 -->    0.032 us
 poisson    (ms) =   176.5
 mover      (ms) =   350.7
 total      (ms) =   686.3
 ----- OMP load imbalance across iproc (min/avg/max, max/avg ratio) -----
  mover_push(ms) min=  268.77 avg=  269.36 max=  269.87 max/avg= 1.002
  dep_loop(ms)   min=   80.33 avg=   80.64 max=   80.86 max/avg= 1.003
 poisson    (ms) =   172.2
 mover      (ms) =   348.5
 total      (ms) =   686.2
 ----- OMP load imbalance across iproc (min/avg/max, max/avg ratio) -----
  mover_push(ms) min=  267.77 avg=  267.85 max=  267.93 max/avg= 1.000
  dep_loop(ms)   min=   80.35 avg=   80.44 max=   80.52 max/avg= 1.001
 poisson    (ms) =   176.5
 mover      (ms) =   349.7
 total      (ms) =   686.2
 ----- OMP load imbalance across iproc (min/avg/max, max/avg ratio) -----
  mover_push(ms) min=  267.51 avg=  267.70 max=  267.90 max/avg= 1.001
  dep_loop(ms)   min=   81.17 avg=   81.48 max=   81.78 max/avg= 1.004
 poisson    (ms) =   176.8
 mover      (ms) =   351.1
 total      (ms) =   686.2
 ----- OMP load imbalance across iproc (min/avg/max, max/avg ratio) -----
  mover_push(ms) min=  268.73 avg=  269.29 max=  270.59 max/avg= 1.005
  dep_loop(ms)   min=   79.93 avg=   80.10 max=   80.47 max/avg= 1.005
 poisson    (ms) =   176.5
 mover      (ms) =   346.4
 total      (ms) =   686.3
 ----- OMP load imbalance across iproc (min/avg/max, max/avg ratio) -----
  mover_push(ms) min=  266.40 avg=  266.44 max=  266.49 max/avg= 1.000
  dep_loop(ms)   min=   79.79 avg=   79.83 max=   79.87 max/avg= 1.001
 poisson    (ms) =   176.9
 mover      (ms) =   340.4
 total      (ms) =   686.2
 ----- OMP load imbalance across iproc (min/avg/max, max/avg ratio) -----
  mover_push(ms) min=  261.10 avg=  261.12 max=  261.13 max/avg= 1.000
  dep_loop(ms)   min=   79.26 avg=   79.28 max=   79.29 max/avg= 1.000
 poisson    (ms) =   176.9
 mover      (ms) =   338.1
 total      (ms) =   686.2
 ----- OMP load imbalance across iproc (min/avg/max, max/avg ratio) -----
  mover_push(ms) min=  260.01 avg=  260.04 max=  260.07 max/avg= 1.000
  dep_loop(ms)   min=   77.96 avg=   77.99 max=   78.01 max/avg= 1.000
 poisson    (ms) =   137.9
 mover      (ms) =   345.7
 total      (ms) =   686.2
 ----- OMP load imbalance across iproc (min/avg/max, max/avg ratio) -----
  mover_push(ms) min=  265.55 avg=  265.61 max=  265.66 max/avg= 1.000
  dep_loop(ms)   min=   79.98 avg=   80.02 max=   80.07 max/avg= 1.001
 TIME STEP 56 -->    0.035 us
 TIME STEP 56 -->    0.035 us
 TIME STEP 56 -->    0.035 us
 TIME STEP 56 -->    0.035 us
 TIME STEP 56 -->    0.035 us
 TIME STEP 56 -->    0.035 us
 TIME STEP 56 -->    0.035 us
 TIME STEP 56 -->    0.035 us
 poisson    (ms) =   172.3
 mover      (ms) =   340.8
 total      (ms) =  1169.1
 ----- OMP load imbalance across iproc (min/avg/max, max/avg ratio) -----
  mover_push(ms) min=  262.23 avg=  262.56 max=  262.79 max/avg= 1.001
  dep_loop(ms)   min=   77.40 avg=   77.70 max=   78.04 max/avg= 1.004
 poisson    (ms) =   180.6
 mover      (ms) =   338.3
 total      (ms) =  1169.0
 ----- OMP load imbalance across iproc (min/avg/max, max/avg ratio) -----
  mover_push(ms) min=  260.70 avg=  260.74 max=  260.77 max/avg= 1.000
  dep_loop(ms)   min=   77.43 avg=   77.46 max=   77.50 max/avg= 1.000
 poisson    (ms) =   178.0
 mover      (ms) =   341.5
 total      (ms) =  1169.0
 ----- OMP load imbalance across iproc (min/avg/max, max/avg ratio) -----
  mover_push(ms) min=  262.76 avg=  262.91 max=  263.04 max/avg= 1.000
  dep_loop(ms)   min=   77.98 avg=   78.21 max=   78.46 max/avg= 1.003
 poisson    (ms) =   178.0
 mover      (ms) =   341.2
 total      (ms) =  1169.0
 ----- OMP load imbalance across iproc (min/avg/max, max/avg ratio) -----
  mover_push(ms) min=  261.19 avg=  261.47 max=  261.79 max/avg= 1.001
  dep_loop(ms)   min=   78.35 avg=   78.79 max=   79.37 max/avg= 1.007
 poisson    (ms) =   178.3
 mover      (ms) =   334.2
 total      (ms) =  1169.0
 ----- OMP load imbalance across iproc (min/avg/max, max/avg ratio) -----
  mover_push(ms) min=  256.76 avg=  256.96 max=  257.18 max/avg= 1.001
  dep_loop(ms)   min=   76.57 avg=   76.78 max=   76.98 max/avg= 1.003
 poisson    (ms) =   175.4
 mover      (ms) =   340.3
 total      (ms) =  1169.0
 ----- OMP load imbalance across iproc (min/avg/max, max/avg ratio) -----
  mover_push(ms) min=  262.64 avg=  262.69 max=  262.74 max/avg= 1.000
  dep_loop(ms)   min=   77.43 avg=   77.48 max=   77.53 max/avg= 1.001
 poisson    (ms) =   176.1
 mover      (ms) =   333.3
 total      (ms) =  1169.0
 ----- OMP load imbalance across iproc (min/avg/max, max/avg ratio) -----
  mover_push(ms) min=  256.86 avg=  256.88 max=  256.89 max/avg= 1.000
  dep_loop(ms)   min=   76.41 avg=   76.43 max=   76.44 max/avg= 1.000
 poisson    (ms) =   134.5
 mover      (ms) =   341.1
 total      (ms) =  1169.0
 ----- OMP load imbalance across iproc (min/avg/max, max/avg ratio) -----
  mover_push(ms) min=  260.90 avg=  261.81 max=  263.78 max/avg= 1.008
  dep_loop(ms)   min=   76.30 avg=   76.85 max=   77.28 max/avg= 1.006
 TIME STEP 61 -->    0.038 us
 TIME STEP 61 -->    0.038 us
 TIME STEP 61 -->    0.038 us
 TIME STEP 61 -->    0.038 us
 TIME STEP 61 -->    0.038 us
 TIME STEP 61 -->    0.038 us
 TIME STEP 61 -->    0.038 us
 TIME STEP 61 -->    0.038 us
 poisson    (ms) =   168.4
 mover      (ms) =   348.3
 total      (ms) =   683.7
 ----- OMP load imbalance across iproc (min/avg/max, max/avg ratio) -----
  mover_push(ms) min=  266.62 avg=  266.97 max=  267.28 max/avg= 1.001
  dep_loop(ms)   min=   80.25 avg=   80.65 max=   81.06 max/avg= 1.005
 poisson    (ms) =   172.6
 mover      (ms) =   347.9
 total      (ms) =   683.7
 ----- OMP load imbalance across iproc (min/avg/max, max/avg ratio) -----
  mover_push(ms) min=  266.64 avg=  266.76 max=  266.86 max/avg= 1.000
  dep_loop(ms)   min=   80.63 avg=   80.87 max=   81.09 max/avg= 1.003
 poisson    (ms) =   173.1
 mover      (ms) =   348.8
 total      (ms) =   683.6
 ----- OMP load imbalance across iproc (min/avg/max, max/avg ratio) -----
  mover_push(ms) min=  265.65 avg=  265.93 max=  266.24 max/avg= 1.001
  dep_loop(ms)   min=   81.70 avg=   82.07 max=   82.58 max/avg= 1.006
 poisson    (ms) =   172.9
 mover      (ms) =   341.0
 total      (ms) =   683.6
 ----- OMP load imbalance across iproc (min/avg/max, max/avg ratio) -----
  mover_push(ms) min=  261.39 avg=  261.53 max=  261.67 max/avg= 1.001
  dep_loop(ms)   min=   78.85 avg=   79.00 max=   79.31 max/avg= 1.004
 poisson    (ms) =   172.8
 mover      (ms) =   348.1
 total      (ms) =   683.6
 ----- OMP load imbalance across iproc (min/avg/max, max/avg ratio) -----
  mover_push(ms) min=  267.93 avg=  267.98 max=  268.03 max/avg= 1.000
  dep_loop(ms)   min=   79.95 avg=   80.00 max=   80.05 max/avg= 1.001
 poisson    (ms) =   172.5
 mover      (ms) =   345.2
 total      (ms) =   683.7
 ----- OMP load imbalance across iproc (min/avg/max, max/avg ratio) -----
  mover_push(ms) min=  265.27 avg=  265.31 max=  265.34 max/avg= 1.000
  dep_loop(ms)   min=   79.76 avg=   79.80 max=   79.83 max/avg= 1.000
 poisson    (ms) =   173.0
 mover      (ms) =   338.7
 total      (ms) =   683.6
 ----- OMP load imbalance across iproc (min/avg/max, max/avg ratio) -----
  mover_push(ms) min=  259.93 avg=  259.94 max=  259.95 max/avg= 1.000
  dep_loop(ms)   min=   78.75 avg=   78.76 max=   78.77 max/avg= 1.000
 poisson    (ms) =   133.2
 mover      (ms) =   349.0
 total      (ms) =   683.6
 ----- OMP load imbalance across iproc (min/avg/max, max/avg ratio) -----
  mover_push(ms) min=  266.69 avg=  267.37 max=  268.36 max/avg= 1.004
  dep_loop(ms)   min=   79.62 avg=   79.99 max=   80.67 max/avg= 1.009
 TIME STEP 66 -->    0.041 us
 TIME STEP 66 -->    0.041 us
 TIME STEP 66 -->    0.041 us
 TIME STEP 66 -->    0.041 us
 TIME STEP 66 -->    0.041 us
 TIME STEP 66 -->    0.041 us
 TIME STEP 66 -->    0.041 us
 TIME STEP 66 -->    0.041 us
 poisson    (ms) =   162.6
 mover      (ms) =   340.5
 total      (ms) =  1128.7
 ----- OMP load imbalance across iproc (min/avg/max, max/avg ratio) -----
  mover_push(ms) min=  261.80 avg=  261.93 max=  262.06 max/avg= 1.000
  dep_loop(ms)   min=   77.93 avg=   78.16 max=   78.40 max/avg= 1.003
 poisson    (ms) =   155.9
 mover      (ms) =   340.5
 total      (ms) =  1128.7
 ----- OMP load imbalance across iproc (min/avg/max, max/avg ratio) -----
  mover_push(ms) min=  261.80 avg=  261.98 max=  262.20 max/avg= 1.001
  dep_loop(ms)   min=   77.66 avg=   77.99 max=   78.32 max/avg= 1.004
 poisson    (ms) =   163.3
 mover      (ms) =   339.6
 total      (ms) =  1128.7
 ----- OMP load imbalance across iproc (min/avg/max, max/avg ratio) -----
  mover_push(ms) min=  260.05 avg=  260.22 max=  260.39 max/avg= 1.001
  dep_loop(ms)   min=   78.63 avg=   78.94 max=   79.26 max/avg= 1.004
 poisson    (ms) =   163.7
 mover      (ms) =   335.7
 total      (ms) =  1128.7
 ----- OMP load imbalance across iproc (min/avg/max, max/avg ratio) -----
  mover_push(ms) min=  257.17 avg=  257.97 max=  259.61 max/avg= 1.006
  dep_loop(ms)   min=   75.08 avg=   75.76 max=   76.13 max/avg= 1.005
 poisson    (ms) =   160.1
 mover      (ms) =   340.0
 total      (ms) =  1128.7
 ----- OMP load imbalance across iproc (min/avg/max, max/avg ratio) -----
  mover_push(ms) min=  262.17 avg=  262.33 max=  262.50 max/avg= 1.001
  dep_loop(ms)   min=   77.13 avg=   77.30 max=   77.46 max/avg= 1.002
 poisson    (ms) =   165.1
 mover      (ms) =   337.5
 total      (ms) =  1128.7
 ----- OMP load imbalance across iproc (min/avg/max, max/avg ratio) -----
  mover_push(ms) min=  260.23 avg=  260.25 max=  260.28 max/avg= 1.000
  dep_loop(ms)   min=   77.21 avg=   77.23 max=   77.26 max/avg= 1.000
 poisson    (ms) =   160.9
 mover      (ms) =   331.8
 total      (ms) =  1128.6
 ----- OMP load imbalance across iproc (min/avg/max, max/avg ratio) -----
  mover_push(ms) min=  255.56 avg=  255.58 max=  255.60 max/avg= 1.000
  dep_loop(ms)   min=   76.12 avg=   76.14 max=   76.16 max/avg= 1.000
 poisson    (ms) =   126.1
 mover      (ms) =   339.3
 total      (ms) =  1128.6
 ----- OMP load imbalance across iproc (min/avg/max, max/avg ratio) -----
  mover_push(ms) min=  260.97 avg=  261.25 max=  261.53 max/avg= 1.001
  dep_loop(ms)   min=   77.21 avg=   77.48 max=   77.77 max/avg= 1.004
 TIME STEP 71 -->    0.044 us
 TIME STEP 71 -->    0.044 us
 TIME STEP 71 -->    0.044 us
 TIME STEP 71 -->    0.044 us
 TIME STEP 71 -->    0.044 us
 TIME STEP 71 -->    0.044 us
 TIME STEP 71 -->    0.044 us
 TIME STEP 71 -->    0.044 us
 poisson    (ms) =   164.5
 mover      (ms) =   347.5
 total      (ms) =   670.2
 ----- OMP load imbalance across iproc (min/avg/max, max/avg ratio) -----
  mover_push(ms) min=  266.22 avg=  266.31 max=  266.41 max/avg= 1.000
  dep_loop(ms)   min=   80.71 avg=   80.89 max=   81.08 max/avg= 1.002
 poisson    (ms) =   160.2
 mover      (ms) =   347.3
 total      (ms) =   670.2
 ----- OMP load imbalance across iproc (min/avg/max, max/avg ratio) -----
  mover_push(ms) min=  266.22 avg=  266.41 max=  266.56 max/avg= 1.001
  dep_loop(ms)   min=   80.37 avg=   80.51 max=   80.70 max/avg= 1.002
 poisson    (ms) =   164.8
 mover      (ms) =   346.8
 total      (ms) =   670.2
 ----- OMP load imbalance across iproc (min/avg/max, max/avg ratio) -----
  mover_push(ms) min=  266.81 avg=  266.85 max=  266.89 max/avg= 1.000
  dep_loop(ms)   min=   79.77 avg=   79.82 max=   79.86 max/avg= 1.001
 poisson    (ms) =   164.4
 mover      (ms) =   344.7
 total      (ms) =   670.2
 ----- OMP load imbalance across iproc (min/avg/max, max/avg ratio) -----
  mover_push(ms) min=  264.86 avg=  264.91 max=  264.96 max/avg= 1.000
  dep_loop(ms)   min=   79.69 avg=   79.74 max=   79.78 max/avg= 1.001
 poisson    (ms) =   164.9
 mover      (ms) =   339.8
 total      (ms) =   670.1
 ----- OMP load imbalance across iproc (min/avg/max, max/avg ratio) -----
  mover_push(ms) min=  259.92 avg=  260.10 max=  260.31 max/avg= 1.001
  dep_loop(ms)   min=   79.14 avg=   79.35 max=   79.53 max/avg= 1.002
 poisson    (ms) =   164.8
 mover      (ms) =   349.4
 total      (ms) =   670.2
 ----- OMP load imbalance across iproc (min/avg/max, max/avg ratio) -----
  mover_push(ms) min=  265.64 avg=  266.05 max=  266.54 max/avg= 1.002
  dep_loop(ms)   min=   80.88 avg=   81.92 max=   82.84 max/avg= 1.011
 poisson    (ms) =   164.8
 mover      (ms) =   340.3
 total      (ms) =   670.2
 ----- OMP load imbalance across iproc (min/avg/max, max/avg ratio) -----
  mover_push(ms) min=  259.22 avg=  259.69 max=  260.40 max/avg= 1.003
  dep_loop(ms)   min=   78.69 avg=   79.18 max=   79.91 max/avg= 1.009
 poisson    (ms) =   126.4
 mover      (ms) =   344.0
 total      (ms) =   670.1
 ----- OMP load imbalance across iproc (min/avg/max, max/avg ratio) -----
  mover_push(ms) min=  264.23 avg=  264.27 max=  264.31 max/avg= 1.000
  dep_loop(ms)   min=   79.61 avg=   79.65 max=   79.68 max/avg= 1.000
 TIME STEP 76 -->    0.047 us
 TIME STEP 76 -->    0.047 us
 TIME STEP 76 -->    0.047 us
 TIME STEP 76 -->    0.047 us
 TIME STEP 76 -->    0.047 us
 TIME STEP 76 -->    0.047 us
 TIME STEP 76 -->    0.047 us
 TIME STEP 76 -->    0.047 us
 poisson    (ms) =   161.7
 mover      (ms) =   339.6
 total      (ms) =  1122.7
 ----- OMP load imbalance across iproc (min/avg/max, max/avg ratio) -----
  mover_push(ms) min=  260.96 avg=  261.17 max=  261.32 max/avg= 1.001
  dep_loop(ms)   min=   78.01 avg=   78.18 max=   78.29 max/avg= 1.001
 poisson    (ms) =   156.4
 mover      (ms) =   339.0
 total      (ms) =  1122.7
 ----- OMP load imbalance across iproc (min/avg/max, max/avg ratio) -----
  mover_push(ms) min=  260.63 avg=  260.87 max=  261.09 max/avg= 1.001
  dep_loop(ms)   min=   77.51 avg=   77.76 max=   77.96 max/avg= 1.003
 poisson    (ms) =   161.4
 mover      (ms) =   341.0
 total      (ms) =  1122.7
 ----- OMP load imbalance across iproc (min/avg/max, max/avg ratio) -----
  mover_push(ms) min=  260.97 avg=  261.30 max=  261.84 max/avg= 1.002
  dep_loop(ms)   min=   78.04 avg=   78.48 max=   79.19 max/avg= 1.009
 poisson    (ms) =   159.5
 mover      (ms) =   338.7
 total      (ms) =  1122.7
 ----- OMP load imbalance across iproc (min/avg/max, max/avg ratio) -----
  mover_push(ms) min=  261.62 avg=  261.67 max=  261.71 max/avg= 1.000
  dep_loop(ms)   min=   76.92 avg=   76.96 max=   77.00 max/avg= 1.001
 poisson    (ms) =   164.4
 mover      (ms) =   336.9
 total      (ms) =  1122.7
 ----- OMP load imbalance across iproc (min/avg/max, max/avg ratio) -----
  mover_push(ms) min=  259.63 avg=  259.65 max=  259.67 max/avg= 1.000
  dep_loop(ms)   min=   77.20 avg=   77.22 max=   77.23 max/avg= 1.000
 poisson    (ms) =   159.6
 mover      (ms) =   333.7
 total      (ms) =  1122.7
 ----- OMP load imbalance across iproc (min/avg/max, max/avg ratio) -----
 poisson    (ms) =   163.1
 mover      (ms) =   332.3
 total      (ms) =  1122.7
 ----- OMP load imbalance across iproc (min/avg/max, max/avg ratio) -----
  mover_push(ms) min=  255.64 avg=  255.69 max=  255.73 max/avg= 1.000
  dep_loop(ms)   min=   76.44 avg=   76.48 max=   76.52 max/avg= 1.001
 poisson    (ms) =   125.6
 mover      (ms) =   337.0
 total      (ms) =  1122.6
  mover_push(ms) min=  255.72 avg=  256.22 max=  256.84 max/avg= 1.002
  dep_loop(ms)   min=   75.87 avg=   76.31 max=   76.87 max/avg= 1.007
 ----- OMP load imbalance across iproc (min/avg/max, max/avg ratio) -----
  mover_push(ms) min=  259.69 avg=  259.86 max=  260.03 max/avg= 1.001
  dep_loop(ms)   min=   76.60 avg=   76.78 max=   76.94 max/avg= 1.002
 TIME STEP 81 -->    0.051 us
 TIME STEP 81 -->    0.051 us
 TIME STEP 81 -->    0.051 us
 TIME STEP 81 -->    0.051 us
 TIME STEP 81 -->    0.051 us
 TIME STEP 81 -->    0.051 us
 TIME STEP 81 -->    0.051 us
 TIME STEP 81 -->    0.051 us
 poisson    (ms) =   158.4
 mover      (ms) =   346.3
 total      (ms) =   671.7
 ----- OMP load imbalance across iproc (min/avg/max, max/avg ratio) -----
  mover_push(ms) min=  265.40 avg=  265.47 max=  265.53 max/avg= 1.000
  dep_loop(ms)   min=   80.55 avg=   80.64 max=   80.73 max/avg= 1.001
 poisson    (ms) =   162.7
 mover      (ms) =   347.0
 total      (ms) =   671.7
 ----- OMP load imbalance across iproc (min/avg/max, max/avg ratio) -----
  mover_push(ms) min=  266.00 avg=  266.15 max=  266.26 max/avg= 1.000
  dep_loop(ms)   min=   80.47 avg=   80.60 max=   80.73 max/avg= 1.002
 poisson    (ms) =   163.0
 mover      (ms) =   349.0
 poisson    (ms) =   162.6
 mover      (ms) =   344.6
 total      (ms) =   671.7
 ----- OMP load imbalance across iproc (min/avg/max, max/avg ratio) -----
  mover_push(ms) min=  264.81 avg=  264.84 max=  264.87 max/avg= 1.000
  dep_loop(ms)   min=   79.66 avg=   79.69 max=   79.71 max/avg= 1.000
 total      (ms) =   671.7
 ----- OMP load imbalance across iproc (min/avg/max, max/avg ratio) -----
  mover_push(ms) min=  265.02 avg=  265.46 max=  266.45 max/avg= 1.004
  dep_loop(ms)   min=   81.07 avg=   81.74 max=   82.58 max/avg= 1.010
 poisson    (ms) =   163.0
 mover      (ms) =   346.1
 total      (ms) =   671.7
 ----- OMP load imbalance across iproc (min/avg/max, max/avg ratio) -----
  mover_push(ms) min=  266.30 avg=  266.35 max=  266.40 max/avg= 1.000
  dep_loop(ms)   min=   79.66 avg=   79.70 max=   79.75 max/avg= 1.001
 poisson    (ms) =   163.1
 mover      (ms) =   337.7
 total      (ms) =   671.7
 ----- OMP load imbalance across iproc (min/avg/max, max/avg ratio) -----
  mover_push(ms) min=  258.84 avg=  258.86 max=  258.88 max/avg= 1.000
  dep_loop(ms)   min=   78.74 avg=   78.76 max=   78.78 max/avg= 1.000
 poisson    (ms) =   163.1
 mover      (ms) =   336.1
 total      (ms) =   671.7
 ----- OMP load imbalance across iproc (min/avg/max, max/avg ratio) -----
  mover_push(ms) min=  258.13 avg=  258.17 max=  258.20 max/avg= 1.000
  dep_loop(ms)   min=   77.86 avg=   77.89 max=   77.93 max/avg= 1.001
 poisson    (ms) =   124.3
 mover      (ms) =   343.8
 total      (ms) =   671.7
 ----- OMP load imbalance across iproc (min/avg/max, max/avg ratio) -----
  mover_push(ms) min=  263.97 avg=  264.03 max=  264.07 max/avg= 1.000
  dep_loop(ms)   min=   79.63 avg=   79.68 max=   79.75 max/avg= 1.001
 TIME STEP 86 -->    0.054 us
 TIME STEP 86 -->    0.054 us
 TIME STEP 86 -->    0.054 us
 TIME STEP 86 -->    0.054 us
 TIME STEP 86 -->    0.054 us
 TIME STEP 86 -->    0.054 us
 TIME STEP 86 -->    0.054 us
 TIME STEP 86 -->    0.054 us
 poisson    (ms) =   155.4
 mover      (ms) =   338.0
 total      (ms) =  1117.5
 ----- OMP load imbalance across iproc (min/avg/max, max/avg ratio) -----
  mover_push(ms) min=  259.98 avg=  260.04 max=  260.11 max/avg= 1.000
  dep_loop(ms)   min=   77.76 avg=   77.83 max=   77.90 max/avg= 1.001
 poisson    (ms) =   161.2
 mover      (ms) =   339.3
 total      (ms) =  1117.5
 ----- OMP load imbalance across iproc (min/avg/max, max/avg ratio) -----
  mover_push(ms) min=  259.04 avg=  259.29 max=  259.57 max/avg= 1.001
  dep_loop(ms)   min=   78.49 avg=   79.03 max=   79.70 max/avg= 1.009
 poisson    (ms) =   158.3
 mover      (ms) =   338.2
 total      (ms) =  1117.5
 ----- OMP load imbalance across iproc (min/avg/max, max/avg ratio) -----
  mover_push(ms) min=  260.95 avg=  261.00 max=  261.05 max/avg= 1.000
  dep_loop(ms)   min=   77.07 avg=   77.13 max=   77.18 max/avg= 1.001
 poisson    (ms) =   163.1
 mover      (ms) =   337.9
 total      (ms) =  1117.5
 ----- OMP load imbalance across iproc (min/avg/max, max/avg ratio) -----
  mover_push(ms) min=  259.58 avg=  259.90 max=  260.14 max/avg= 1.001
  dep_loop(ms)   min=   77.19 avg=   77.38 max=   77.75 max/avg= 1.005
 poisson    (ms) =   160.9
 mover      (ms) =   339.1
 total      (ms) =  1117.5
 ----- OMP load imbalance across iproc (min/avg/max, max/avg ratio) -----
  mover_push(ms) min=  260.61 avg=  260.76 max=  260.90 max/avg= 1.001
  dep_loop(ms)   min=   77.91 avg=   78.03 max=   78.15 max/avg= 1.002
 poisson    (ms) =   161.7
 mover      (ms) =   330.3
 total      (ms) =  1117.5
 ----- OMP load imbalance across iproc (min/avg/max, max/avg ratio) -----
  mover_push(ms) min=  254.31 avg=  254.34 max=  254.36 max/avg= 1.000
  dep_loop(ms)   min=   75.85 avg=   75.87 max=   75.90 max/avg= 1.000
 poisson    (ms) =   158.7
 mover      (ms) =   332.5
 total      (ms) =  1117.5
 ----- OMP load imbalance across iproc (min/avg/max, max/avg ratio) -----
  mover_push(ms) min=  255.30 avg=  255.51 max=  255.65 max/avg= 1.001
  dep_loop(ms)   min=   76.55 avg=   76.69 max=   76.89 max/avg= 1.003
 poisson    (ms) =   124.4
 mover      (ms) =   336.9
 total      (ms) =  1117.5
 ----- OMP load imbalance across iproc (min/avg/max, max/avg ratio) -----
  mover_push(ms) min=  259.15 avg=  259.29 max=  259.43 max/avg= 1.001
  dep_loop(ms)   min=   77.15 avg=   77.28 max=   77.43 max/avg= 1.002
 TIME STEP 91 -->    0.057 us
 TIME STEP 91 -->    0.057 us
 TIME STEP 91 -->    0.057 us
 TIME STEP 91 -->    0.057 us
 TIME STEP 91 -->    0.057 us
 TIME STEP 91 -->    0.057 us
 TIME STEP 91 -->    0.057 us
 TIME STEP 91 -->    0.057 us
 poisson    (ms) =   163.5
 mover      (ms) =   346.5
 total      (ms) =   669.4
 ----- OMP load imbalance across iproc (min/avg/max, max/avg ratio) -----
  mover_push(ms) min=  265.16 avg=  265.30 max=  265.42 max/avg= 1.000
  dep_loop(ms)   min=   80.62 avg=   80.84 max=   81.05 max/avg= 1.003
 poisson    (ms) =   159.3
 mover      (ms) =   345.4
 total      (ms) =   669.4
 ----- OMP load imbalance across iproc (min/avg/max, max/avg ratio) -----
  mover_push(ms) min=  264.70 avg=  264.76 max=  264.82 max/avg= 1.000
  dep_loop(ms)   min=   80.33 avg=   80.45 max=   80.57 max/avg= 1.002
 poisson    (ms) =   163.9
 mover      (ms) =   345.3
 total      (ms) =   669.4
 ----- OMP load imbalance across iproc (min/avg/max, max/avg ratio) -----
  mover_push(ms) min=  265.33 avg=  265.36 max=  265.39 max/avg= 1.000
  dep_loop(ms)   min=   79.75 avg=   79.82 max=   79.88 max/avg= 1.001
 poisson    (ms) =   163.5
 mover      (ms) =   350.8
 total      (ms) =   669.4
 ----- OMP load imbalance across iproc (min/avg/max, max/avg ratio) -----
  mover_push(ms) min=  265.69 avg=  267.11 max=  270.36 max/avg= 1.012
  dep_loop(ms)   min=   79.19 avg=   79.70 max=   80.43 max/avg= 1.009
 poisson    (ms) =   163.8
 mover      (ms) =   339.5
 total      (ms) =   669.4
 ----- OMP load imbalance across iproc (min/avg/max, max/avg ratio) -----
  mover_push(ms) min=  259.45 avg=  259.66 max=  259.98 max/avg= 1.001
  dep_loop(ms)   min=   78.96 avg=   79.17 max=   79.48 max/avg= 1.004
 poisson    (ms) =   163.9
 mover      (ms) =   344.0
 total      (ms) =   669.4
 ----- OMP load imbalance across iproc (min/avg/max, max/avg ratio) -----
  mover_push(ms) min=  262.00 avg=  262.14 max=  262.30 max/avg= 1.001
  dep_loop(ms)   min=   80.55 avg=   81.09 max=   81.65 max/avg= 1.007
 poisson    (ms) =   164.0
 mover      (ms) =   336.6
 total      (ms) =   669.4
 ----- OMP load imbalance across iproc (min/avg/max, max/avg ratio) -----
  mover_push(ms) min=  258.03 avg=  258.27 max=  258.46 max/avg= 1.001
  dep_loop(ms)   min=   77.72 avg=   77.91 max=   78.15 max/avg= 1.003
 poisson    (ms) =   124.5
 mover      (ms) =   342.8
 total      (ms) =   669.4
 ----- OMP load imbalance across iproc (min/avg/max, max/avg ratio) -----
  mover_push(ms) min=  263.15 avg=  263.23 max=  263.36 max/avg= 1.001
  dep_loop(ms)   min=   79.26 avg=   79.39 max=   79.47 max/avg= 1.001

--- legacy: MPI=8 x OMP=4 (= 32 cores, OMP_PLACES=cores) ---
 it=        1, t (us)=    0.0, np=   36352849     7306036           0    18250240    10949484
 it=        6, t (us)=    0.0, np=   35667859     7305696           0    18249597    10948807
 <t> (ms): E/rho=   55.4, poisson=  116.6, sorting=    0.0, avg/write=  147.0, MC=    0.0, mover=   287.2, bck=    0.0, total=   606.2
 ----- LEGACY OMP load imbalance across iproc (min/avg/max, max/avg ratio) -----
  push(ms) min=  197.86 avg=  206.33 max=  214.67 max/avg= 1.040
  dep (ms) min=   65.85 avg=   75.59 max=   85.21 max/avg= 1.127
 it=       11, t (us)=    0.0, np=   35182106     7311991         157    18251878    10953885
 <t> (ms): E/rho=   55.8, poisson=  127.0, sorting=   51.4, avg/write=  131.0, MC=  526.8, mover=   316.2, bck=    0.0, total=  1208.2
 ----- LEGACY OMP load imbalance across iproc (min/avg/max, max/avg ratio) -----
  push(ms) min=  229.61 avg=  231.69 max=  233.56 max/avg= 1.008
  dep (ms) min=   60.50 avg=   71.60 max=   81.91 max/avg= 1.144
 it=       16, t (us)=    0.0, np=   34776335     7311628         157    18251172    10953121
 <t> (ms): E/rho=   54.4, poisson=  129.0, sorting=    0.0, avg/write=  133.2, MC=    0.0, mover=   285.4, bck=    0.0, total=   602.0
 ----- LEGACY OMP load imbalance across iproc (min/avg/max, max/avg ratio) -----
  push(ms) min=  194.89 avg=  203.50 max=  212.02 max/avg= 1.042
  dep (ms) min=   64.88 avg=   74.26 max=   83.36 max/avg= 1.122
 it=       21, t (us)=    0.0, np=   34453388     7317654         289    18253454    10958094
 <t> (ms): E/rho=   56.0, poisson=  129.4, sorting=   53.4, avg/write=  123.8, MC=  534.2, mover=   311.6, bck=    0.0, total=  1208.4
 ----- LEGACY OMP load imbalance across iproc (min/avg/max, max/avg ratio) -----
  push(ms) min=  226.33 avg=  228.03 max=  229.35 max/avg= 1.006
  dep (ms) min=   61.16 avg=   71.44 max=   81.12 max/avg= 1.136
 it=       26, t (us)=    0.0, np=   34171039     7317233         288    18252721    10957269
 <t> (ms): E/rho=   55.2, poisson=  124.8, sorting=    0.0, avg/write=  135.4, MC=    0.0, mover=   281.0, bck=    0.0, total=   596.4
 ----- LEGACY OMP load imbalance across iproc (min/avg/max, max/avg ratio) -----
  push(ms) min=  193.40 avg=  201.73 max=  209.89 max/avg= 1.040
  dep (ms) min=   64.75 avg=   74.45 max=   83.72 max/avg= 1.125
 it=       31, t (us)=    0.0, np=   33949524     7323030         427    18255005    10962019
 <t> (ms): E/rho=   55.2, poisson=  124.8, sorting=   51.4, avg/write=  124.8, MC=  525.6, mover=   308.8, bck=    0.0, total=  1190.6
 ----- LEGACY OMP load imbalance across iproc (min/avg/max, max/avg ratio) -----
  push(ms) min=  224.33 avg=  225.99 max=  227.42 max/avg= 1.006
  dep (ms) min=   59.84 avg=   70.32 max=   79.99 max/avg= 1.137
 it=       36, t (us)=    0.0, np=   33748236     7322582         427    18254208    10961074
 <t> (ms): E/rho=   53.6, poisson=  126.0, sorting=    0.0, avg/write=  131.2, MC=    0.0, mover=   281.4, bck=    0.0, total=   592.2
 ----- LEGACY OMP load imbalance across iproc (min/avg/max, max/avg ratio) -----
  push(ms) min=  192.19 avg=  200.57 max=  208.93 max/avg= 1.042
  dep (ms) min=   64.32 avg=   73.26 max=   82.29 max/avg= 1.123
 it=       41, t (us)=    0.0, np=   33586800     7328391         565    18256334    10965670
 <t> (ms): E/rho=   54.8, poisson=  125.0, sorting=   51.6, avg/write=  124.2, MC=  519.8, mover=   307.6, bck=    0.0, total=  1183.0
 ----- LEGACY OMP load imbalance across iproc (min/avg/max, max/avg ratio) -----
  push(ms) min=  222.83 avg=  224.63 max=  226.11 max/avg= 1.007
  dep (ms) min=   60.91 avg=   70.94 max=   80.54 max/avg= 1.135
 it=       46, t (us)=    0.0, np=   33426214     7327857         565    18255392    10964627
 <t> (ms): E/rho=   54.8, poisson=  125.0, sorting=    0.0, avg/write=  124.8, MC=    0.0, mover=   277.8, bck=    0.0, total=   582.4
 ----- LEGACY OMP load imbalance across iproc (min/avg/max, max/avg ratio) -----
  push(ms) min=  191.61 avg=  199.80 max=  207.76 max/avg= 1.040
  dep (ms) min=   64.31 avg=   73.44 max=   82.28 max/avg= 1.120
 it=       51, t (us)=    0.0, np=   33293922     7333310         696    18257562    10968997
 <t> (ms): E/rho=   55.4, poisson=  123.4, sorting=   51.6, avg/write= 1402.4, MC=  511.0, mover=   306.4, bck=    0.0, total=  2450.2
 ----- LEGACY OMP load imbalance across iproc (min/avg/max, max/avg ratio) -----
  push(ms) min=  222.08 avg=  223.61 max=  225.00 max/avg= 1.006
  dep (ms) min=   59.81 avg=   70.05 max=   79.68 max/avg= 1.137
 it=       56, t (us)=    0.0, np=   33155852     7332782         696    18256555    10967648
 <t> (ms): E/rho=   54.4, poisson=  120.0, sorting=    0.0, avg/write=  149.0, MC=    0.0, mover=   279.0, bck=    0.0, total=   602.4
 ----- LEGACY OMP load imbalance across iproc (min/avg/max, max/avg ratio) -----
  push(ms) min=  190.81 avg=  198.96 max=  206.88 max/avg= 1.040
  dep (ms) min=   63.58 avg=   72.56 max=   81.33 max/avg= 1.121
 it=       61, t (us)=    0.0, np=   33041023     7338536         820    18258537    10971756
 <t> (ms): E/rho=   54.8, poisson=  118.0, sorting=   50.6, avg/write=  124.0, MC=  510.2, mover=   304.4, bck=    0.0, total=  1162.0
 ----- LEGACY OMP load imbalance across iproc (min/avg/max, max/avg ratio) -----
  push(ms) min=  221.22 avg=  222.62 max=  223.76 max/avg= 1.005
  dep (ms) min=   59.69 avg=   69.64 max=   79.03 max/avg= 1.135
 it=       66, t (us)=    0.0, np=   32916844     7337926         820    18257454    10970243
 <t> (ms): E/rho=   55.0, poisson=  113.4, sorting=    0.0, avg/write=  126.4, MC=    0.0, mover=   275.6, bck=    0.0, total=   570.4
 ----- LEGACY OMP load imbalance across iproc (min/avg/max, max/avg ratio) -----
  push(ms) min=  190.54 avg=  198.50 max=  206.29 max/avg= 1.039
  dep (ms) min=   63.65 avg=   72.57 max=   81.46 max/avg= 1.122
 it=       71, t (us)=    0.0, np=   32813186     7343248         968    18259367    10974038
 <t> (ms): E/rho=   55.2, poisson=  113.0, sorting=   51.4, avg/write=  129.4, MC=  508.0, mover=   304.0, bck=    0.0, total=  1161.0
 ----- LEGACY OMP load imbalance across iproc (min/avg/max, max/avg ratio) -----
  push(ms) min=  220.75 avg=  222.23 max=  223.68 max/avg= 1.007
  dep (ms) min=   59.93 avg=   69.55 max=   78.79 max/avg= 1.133
 it=       76, t (us)=    0.0, np=   32700976     7342571         968    18258133    10972295
 <t> (ms): E/rho=   54.2, poisson=  112.2, sorting=    0.0, avg/write=  129.4, MC=    0.0, mover=   277.2, bck=    0.0, total=   573.0
 ----- LEGACY OMP load imbalance across iproc (min/avg/max, max/avg ratio) -----
  push(ms) min=  189.92 avg=  197.97 max=  205.89 max/avg= 1.040
  dep (ms) min=   63.34 avg=   71.65 max=   80.23 max/avg= 1.120
 it=       81, t (us)=    0.1, np=   32610537     7348601        1099    18259868    10975956
 <t> (ms): E/rho=   55.0, poisson=  110.8, sorting=   50.6, avg/write=  125.2, MC=  501.0, mover=   303.4, bck=    0.0, total=  1146.0
 ----- LEGACY OMP load imbalance across iproc (min/avg/max, max/avg ratio) -----
  push(ms) min=  220.12 avg=  221.40 max=  222.42 max/avg= 1.005
  dep (ms) min=   60.53 avg=   69.77 max=   78.67 max/avg= 1.127
 it=       86, t (us)=    0.1, np=   32509353     7347830        1099    18258493    10973809
 <t> (ms): E/rho=   54.6, poisson=  110.8, sorting=    0.0, avg/write=  126.2, MC=    0.0, mover=   274.8, bck=    0.0, total=   566.4
 ----- LEGACY OMP load imbalance across iproc (min/avg/max, max/avg ratio) -----
  push(ms) min=  189.85 avg=  197.57 max=  205.14 max/avg= 1.038
  dep (ms) min=   63.57 avg=   72.28 max=   81.26 max/avg= 1.124

--- modular (HT): MPI=2 x OMP=32 (= 64 cores, OMP_PLACES=threads) ---
 TIME STEP 1 -->    0.001 us
 TIME STEP 1 -->    0.001 us
 TIME STEP 6 -->    0.004 us
 TIME STEP 6 -->    0.004 us
 poisson    (ms) =    99.3
 mover      (ms) =   366.1
 total      (ms) =  1272.2
 ----- OMP load imbalance across iproc (min/avg/max, max/avg ratio) -----
  mover_push(ms) min=  218.54 avg=  226.81 max=  240.01 max/avg= 1.058
  dep_loop(ms)   min=  117.39 avg=  121.46 max=  126.10 max/avg= 1.038
 poisson    (ms) =   119.0
 mover      (ms) =   396.6
 total      (ms) =  1260.4
 ----- OMP load imbalance across iproc (min/avg/max, max/avg ratio) -----
  mover_push(ms) min=  217.74 avg=  228.05 max=  268.43 max/avg= 1.177
  dep_loop(ms)   min=   99.58 avg=  120.31 max=  128.14 max/avg= 1.065
 TIME STEP 11 -->    0.007 us
 TIME STEP 11 -->    0.007 us
 poisson    (ms) =    82.2
 mover      (ms) =   301.3
 total      (ms) =   625.1
 ----- OMP load imbalance across iproc (min/avg/max, max/avg ratio) -----
  mover_push(ms) min=  170.06 avg=  172.75 max=  200.56 max/avg= 1.161
  dep_loop(ms)   min=   81.83 avg=   96.01 max=  100.77 max/avg= 1.050
 poisson    (ms) =   116.8
 mover      (ms) =   320.2
 total      (ms) =   625.1
 ----- OMP load imbalance across iproc (min/avg/max, max/avg ratio) -----
  mover_push(ms) min=  166.01 avg=  172.77 max=  220.35 max/avg= 1.275
  dep_loop(ms)   min=   73.29 avg=   94.71 max=   99.88 max/avg= 1.055
 TIME STEP 16 -->    0.010 us
 TIME STEP 16 -->    0.010 us
 poisson    (ms) =    83.3
 mover      (ms) =   314.0
 total      (ms) =  1078.3
 ----- OMP load imbalance across iproc (min/avg/max, max/avg ratio) -----
  mover_push(ms) min=  164.82 avg=  171.18 max=  214.29 max/avg= 1.252
  dep_loop(ms)   min=   69.16 avg=   92.99 max=   99.66 max/avg= 1.072
 poisson    (ms) =   114.9
 mover      (ms) =   320.5
 total      (ms) =  1078.2
 ----- OMP load imbalance across iproc (min/avg/max, max/avg ratio) -----
  mover_push(ms) min=  165.97 avg=  171.89 max=  223.38 max/avg= 1.300
  dep_loop(ms)   min=   61.34 avg=   91.19 max=   97.10 max/avg= 1.065
 TIME STEP 21 -->    0.013 us
 TIME STEP 21 -->    0.013 us
 poisson    (ms) =    89.1
 mover      (ms) =   320.9
 total      (ms) =   646.5
 ----- OMP load imbalance across iproc (min/avg/max, max/avg ratio) -----
  mover_push(ms) min=  170.09 avg=  176.71 max=  220.39 max/avg= 1.247
  dep_loop(ms)   min=   73.37 avg=   95.00 max=  100.54 max/avg= 1.058
 poisson    (ms) =   133.5
 mover      (ms) =   316.4
 total      (ms) =   646.5
 ----- OMP load imbalance across iproc (min/avg/max, max/avg ratio) -----
  mover_push(ms) min=  170.97 avg=  176.27 max=  215.24 max/avg= 1.221
  dep_loop(ms)   min=   74.87 avg=   95.28 max=  101.15 max/avg= 1.062
 TIME STEP 26 -->    0.016 us
 TIME STEP 26 -->    0.016 us
 poisson    (ms) =    85.6
 mover      (ms) =   314.0
 total      (ms) =  1131.3
 ----- OMP load imbalance across iproc (min/avg/max, max/avg ratio) -----
  mover_push(ms) min=  167.99 avg=  174.10 max=  217.71 max/avg= 1.251
  dep_loop(ms)   min=   68.76 avg=   90.97 max=   96.26 max/avg= 1.058
 poisson    (ms) =   140.2
 mover      (ms) =   309.7
 total      (ms) =  1131.3
 ----- OMP load imbalance across iproc (min/avg/max, max/avg ratio) -----
  mover_push(ms) min=  166.12 avg=  170.91 max=  211.87 max/avg= 1.240
  dep_loop(ms)   min=   68.82 avg=   91.99 max=   97.83 max/avg= 1.064
 TIME STEP 31 -->    0.019 us
 TIME STEP 31 -->    0.019 us
 poisson    (ms) =    95.2
 mover      (ms) =   302.3
 total      (ms) =   636.4
 ----- OMP load imbalance across iproc (min/avg/max, max/avg ratio) -----
  mover_push(ms) min=  173.03 avg=  176.15 max=  202.29 max/avg= 1.148
  dep_loop(ms)   min=   82.05 avg=   95.15 max=  100.04 max/avg= 1.051
 poisson    (ms) =   142.0
 mover      (ms) =   301.2
 total      (ms) =   636.4
 ----- OMP load imbalance across iproc (min/avg/max, max/avg ratio) -----
  mover_push(ms) min=  170.33 avg=  173.68 max=  200.47 max/avg= 1.154
  dep_loop(ms)   min=   81.41 avg=   95.52 max=  100.72 max/avg= 1.054
 TIME STEP 36 -->    0.022 us
 TIME STEP 36 -->    0.022 us
 poisson    (ms) =    82.5
 mover      (ms) =   290.5
 total      (ms) =  1105.6
 ----- OMP load imbalance across iproc (min/avg/max, max/avg ratio) -----
  mover_push(ms) min=  170.11 avg=  172.83 max=  192.64 max/avg= 1.115
  dep_loop(ms)   min=   82.63 avg=   93.71 max=   97.90 max/avg= 1.045
 poisson    (ms) =   130.0
 mover      (ms) =   298.7
 total      (ms) =  1105.6
 ----- OMP load imbalance across iproc (min/avg/max, max/avg ratio) -----
  mover_push(ms) min=  167.96 avg=  170.02 max=  202.83 max/avg= 1.193
  dep_loop(ms)   min=   73.36 avg=   92.70 max=   95.89 max/avg= 1.034
 TIME STEP 41 -->    0.026 us
 TIME STEP 41 -->    0.026 us
 poisson    (ms) =    87.4
 mover      (ms) =   343.6
 total      (ms) =   651.4
 ----- OMP load imbalance across iproc (min/avg/max, max/avg ratio) -----
  mover_push(ms) min=  175.82 avg=  181.24 max=  244.57 max/avg= 1.349
  dep_loop(ms)   min=   61.34 avg=   93.28 max=   99.06 max/avg= 1.062
 poisson    (ms) =   132.1
 mover      (ms) =   329.6
 total      (ms) =   651.3
 ----- OMP load imbalance across iproc (min/avg/max, max/avg ratio) -----
  mover_push(ms) min=  170.85 avg=  177.46 max=  232.36 max/avg= 1.309
  dep_loop(ms)   min=   64.94 avg=   92.93 max=   97.20 max/avg= 1.046
 TIME STEP 46 -->    0.029 us
 TIME STEP 46 -->    0.029 us
 poisson    (ms) =    96.8
 mover      (ms) =   289.5
 total      (ms) =  1117.2
 ----- OMP load imbalance across iproc (min/avg/max, max/avg ratio) -----
  mover_push(ms) min=  171.40 avg=  173.32 max=  192.89 max/avg= 1.113
  dep_loop(ms)   min=   82.90 avg=   93.58 max=   96.57 max/avg= 1.032
 poisson    (ms) =   144.7
 mover      (ms) =   281.3
 total      (ms) =  1117.2
 ----- OMP load imbalance across iproc (min/avg/max, max/avg ratio) -----
  mover_push(ms) min=  167.23 avg=  168.80 max=  185.26 max/avg= 1.097
  dep_loop(ms)   min=   84.23 avg=   93.10 max=   96.05 max/avg= 1.032
 TIME STEP 51 -->    0.032 us
 TIME STEP 51 -->    0.032 us
 poisson    (ms) =    91.6
 mover      (ms) =   319.1
 total      (ms) =   629.5
 ----- OMP load imbalance across iproc (min/avg/max, max/avg ratio) -----
  mover_push(ms) min=  175.55 avg=  180.07 max=  219.22 max/avg= 1.217
  dep_loop(ms)   min=   76.50 avg=   93.98 max=   99.89 max/avg= 1.063
 poisson    (ms) =   129.4
 mover      (ms) =   287.5
 total      (ms) =   629.5
 ----- OMP load imbalance across iproc (min/avg/max, max/avg ratio) -----
  mover_push(ms) min=  171.11 avg=  173.41 max=  186.25 max/avg= 1.074
  dep_loop(ms)   min=   89.83 avg=   96.20 max=  101.26 max/avg= 1.053
 TIME STEP 56 -->    0.035 us
 TIME STEP 56 -->    0.035 us
 poisson    (ms) =    83.1
 mover      (ms) =   309.2
 total      (ms) =  1173.4
 ----- OMP load imbalance across iproc (min/avg/max, max/avg ratio) -----
  mover_push(ms) min=  174.17 avg=  178.25 max=  213.81 max/avg= 1.199
  dep_loop(ms)   min=   77.02 avg=   91.07 max=   95.41 max/avg= 1.048
 poisson    (ms) =   134.4
 mover      (ms) =   295.3
 total      (ms) =  1173.4
 ----- OMP load imbalance across iproc (min/avg/max, max/avg ratio) -----
  mover_push(ms) min=  170.47 avg=  173.46 max=  199.81 max/avg= 1.152
  dep_loop(ms)   min=   77.80 avg=   92.54 max=   95.52 max/avg= 1.032
 TIME STEP 61 -->    0.038 us
 TIME STEP 61 -->    0.038 us
 poisson    (ms) =    80.0
 mover      (ms) =   307.7
 total      (ms) =   625.2
 ----- OMP load imbalance across iproc (min/avg/max, max/avg ratio) -----
  mover_push(ms) min=  173.71 avg=  178.10 max=  208.16 max/avg= 1.169
  dep_loop(ms)   min=   80.55 avg=   94.82 max=   99.50 max/avg= 1.049
 poisson    (ms) =   127.5
 mover      (ms) =   290.1
 total      (ms) =   625.1
 ----- OMP load imbalance across iproc (min/avg/max, max/avg ratio) -----
  mover_push(ms) min=  170.20 avg=  172.57 max=  190.07 max/avg= 1.101
  dep_loop(ms)   min=   86.50 avg=   95.25 max=  100.06 max/avg= 1.050
 TIME STEP 66 -->    0.041 us
 TIME STEP 66 -->    0.041 us
 poisson    (ms) =    82.3
 mover      (ms) =   321.2
 total      (ms) =  1106.2
 ----- OMP load imbalance across iproc (min/avg/max, max/avg ratio) -----
  mover_push(ms) min=  170.64 avg=  174.13 max=  224.75 max/avg= 1.291
  dep_loop(ms)   min=   64.55 avg=   92.01 max=   96.41 max/avg= 1.048
 poisson    (ms) =   135.6
 mover      (ms) =   301.4
 total      (ms) =  1106.2
 ----- OMP load imbalance across iproc (min/avg/max, max/avg ratio) -----
  mover_push(ms) min=  165.68 avg=  169.38 max=  206.39 max/avg= 1.218
  dep_loop(ms)   min=   70.37 avg=   91.82 max=   95.02 max/avg= 1.035
 TIME STEP 71 -->    0.044 us
 TIME STEP 71 -->    0.044 us
 poisson    (ms) =    76.5
 mover      (ms) =   320.8
 total      (ms) =   613.0
 ----- OMP load imbalance across iproc (min/avg/max, max/avg ratio) -----
  mover_push(ms) min=  174.38 avg=  177.49 max=  221.19 max/avg= 1.246
  dep_loop(ms)   min=   70.64 avg=   94.80 max=   99.65 max/avg= 1.051
 poisson    (ms) =   119.6
 mover      (ms) =   292.9
 total      (ms) =   612.9
 ----- OMP load imbalance across iproc (min/avg/max, max/avg ratio) -----
  mover_push(ms) min=  170.25 avg=  173.70 max=  194.79 max/avg= 1.121
  dep_loop(ms)   min=   83.34 avg=   94.73 max=   98.10 max/avg= 1.036
 TIME STEP 76 -->    0.047 us
 TIME STEP 76 -->    0.047 us
 poisson    (ms) =    77.6
 mover      (ms) =   277.8
 total      (ms) =  1081.0
 ----- OMP load imbalance across iproc (min/avg/max, max/avg ratio) -----
  mover_push(ms) min=  169.93 avg=  171.94 max=  180.50 max/avg= 1.050
  dep_loop(ms)   min=   89.85 avg=   93.75 max=   97.35 max/avg= 1.038
 poisson    (ms) =   127.7
 mover      (ms) =   288.8
 total      (ms) =  1081.0
 ----- OMP load imbalance across iproc (min/avg/max, max/avg ratio) -----
  mover_push(ms) min=  165.67 avg=  169.12 max=  194.06 max/avg= 1.147
  dep_loop(ms)   min=   77.81 avg=   91.77 max=   94.79 max/avg= 1.033
 TIME STEP 81 -->    0.051 us
 TIME STEP 81 -->    0.051 us
 poisson    (ms) =    77.1
 mover      (ms) =   317.9
 total      (ms) =   620.4
 ----- OMP load imbalance across iproc (min/avg/max, max/avg ratio) -----
  mover_push(ms) min=  172.67 avg=  177.71 max=  217.09 max/avg= 1.222
  dep_loop(ms)   min=   72.58 avg=   94.79 max=  100.79 max/avg= 1.063
 poisson    (ms) =   125.5
 mover      (ms) =   309.7
 total      (ms) =   620.4
 ----- OMP load imbalance across iproc (min/avg/max, max/avg ratio) -----
  mover_push(ms) min=  169.62 avg=  173.46 max=  207.64 max/avg= 1.197
  dep_loop(ms)   min=   76.99 avg=   94.41 max=  102.03 max/avg= 1.081
 TIME STEP 86 -->    0.054 us
 TIME STEP 86 -->    0.054 us
 poisson    (ms) =    83.5
 mover      (ms) =   320.0
 total      (ms) =  1099.3
 ----- OMP load imbalance across iproc (min/avg/max, max/avg ratio) -----
  mover_push(ms) min=  169.64 avg=  175.29 max=  223.73 max/avg= 1.276
  dep_loop(ms)   min=   63.24 avg=   91.42 max=   96.22 max/avg= 1.052
 poisson    (ms) =   134.4
 mover      (ms) =   307.2
 total      (ms) =  1099.3
 ----- OMP load imbalance across iproc (min/avg/max, max/avg ratio) -----
  mover_push(ms) min=  165.02 avg=  170.77 max=  211.46 max/avg= 1.238
  dep_loop(ms)   min=   68.73 avg=   90.86 max=   95.70 max/avg= 1.053
 TIME STEP 91 -->    0.057 us
 TIME STEP 91 -->    0.057 us
 poisson    (ms) =    84.1
 mover      (ms) =   321.7
 total      (ms) =   624.3
 ----- OMP load imbalance across iproc (min/avg/max, max/avg ratio) -----
  mover_push(ms) min=  173.45 avg=  177.18 max=  221.23 max/avg= 1.249
  dep_loop(ms)   min=   73.04 avg=   94.88 max=  100.44 max/avg= 1.059
 poisson    (ms) =   132.7
 mover      (ms) =   297.2
 total      (ms) =   624.3
 ----- OMP load imbalance across iproc (min/avg/max, max/avg ratio) -----
  mover_push(ms) min=  169.02 avg=  172.71 max=  199.96 max/avg= 1.158
  dep_loop(ms)   min=   79.73 avg=   93.83 max=   97.29 max/avg= 1.037

--- legacy (HT): MPI=2 x OMP=32 (= 64 cores, OMP_PLACES=threads) ---
 it=        1, t (us)=    0.0, np=   36353055     7306013           0    18256218    10951060
 it=        6, t (us)=    0.0, np=   35667536     7305665           0    18255552    10950350
 <t> (ms): E/rho=   88.0, poisson=   70.2, sorting=    0.0, avg/write=  153.0, MC=    0.0, mover=   218.8, bck=    0.0, total=   530.0
 ----- LEGACY OMP load imbalance across iproc (min/avg/max, max/avg ratio) -----
  push(ms) min=   95.27 avg=  100.91 max=  113.47 max/avg= 1.125
  dep (ms) min=   41.91 avg=   78.80 max=  120.59 max/avg= 1.530
 it=       11, t (us)=    0.0, np=   35184103     7311837         140    18257853    10955592
 <t> (ms): E/rho=   83.4, poisson=   78.0, sorting=   33.4, avg/write=  130.4, MC=  317.6, mover=   221.8, bck=    0.0, total=   864.6
 ----- LEGACY OMP load imbalance across iproc (min/avg/max, max/avg ratio) -----
  push(ms) min=   98.60 avg=  106.93 max=  111.31 max/avg= 1.041
  dep (ms) min=   47.51 avg=   75.17 max=  112.99 max/avg= 1.503
 it=       16, t (us)=    0.0, np=   34778410     7311483         140    18257141    10954833
 <t> (ms): E/rho=   84.4, poisson=   77.8, sorting=    0.0, avg/write=  131.8, MC=    0.0, mover=   215.4, bck=    0.0, total=   509.4
 ----- LEGACY OMP load imbalance across iproc (min/avg/max, max/avg ratio) -----
  push(ms) min=   93.98 avg=   99.75 max=  106.81 max/avg= 1.071
  dep (ms) min=   41.20 avg=   76.96 max=  117.00 max/avg= 1.520
 it=       21, t (us)=    0.0, np=   34456686     7317573         266    18259383    10959854
 <t> (ms): E/rho=   88.4, poisson=   79.2, sorting=   39.0, avg/write=  132.6, MC=  366.2, mover=   218.2, bck=    0.0, total=   923.6
 ----- LEGACY OMP load imbalance across iproc (min/avg/max, max/avg ratio) -----
  push(ms) min=   97.96 avg=  104.72 max=  109.52 max/avg= 1.046
  dep (ms) min=   45.19 avg=   75.69 max=  114.09 max/avg= 1.507
 it=       26, t (us)=    0.0, np=   34175108     7317202         266    18258622    10958977
 <t> (ms): E/rho=   91.6, poisson=   75.8, sorting=    0.0, avg/write=  134.0, MC=    0.0, mover=   210.6, bck=    0.0, total=   512.0
 ----- LEGACY OMP load imbalance across iproc (min/avg/max, max/avg ratio) -----
  push(ms) min=   93.27 avg=   98.62 max=  105.09 max/avg= 1.066
  dep (ms) min=   40.47 avg=   76.37 max=  114.73 max/avg= 1.502
 it=       31, t (us)=    0.0, np=   33954794     7323093         401    18260712    10963719
 <t> (ms): E/rho=   84.6, poisson=   75.2, sorting=   33.8, avg/write=  137.6, MC=  362.4, mover=   215.4, bck=    0.0, total=   909.0
 ----- LEGACY OMP load imbalance across iproc (min/avg/max, max/avg ratio) -----
  push(ms) min=   98.40 avg=  103.70 max=  108.55 max/avg= 1.047
  dep (ms) min=   43.70 avg=   75.20 max=  112.07 max/avg= 1.490
 it=       36, t (us)=    0.0, np=   33753813     7322680         401    18259883    10962787
 <t> (ms): E/rho=   85.0, poisson=   76.0, sorting=    0.0, avg/write=  132.0, MC=    0.0, mover=   209.8, bck=    0.0, total=   502.8
 ----- LEGACY OMP load imbalance across iproc (min/avg/max, max/avg ratio) -----
  push(ms) min=   92.87 avg=   98.13 max=  105.16 max/avg= 1.072
  dep (ms) min=   39.91 avg=   75.41 max=  112.89 max/avg= 1.497
 it=       41, t (us)=    0.0, np=   33592350     7328408         529    18262064    10967496
 <t> (ms): E/rho=   84.4, poisson=   76.0, sorting=   33.8, avg/write=  169.2, MC=  362.4, mover=   213.2, bck=    0.0, total=   939.0
 ----- LEGACY OMP load imbalance across iproc (min/avg/max, max/avg ratio) -----
  push(ms) min=   98.15 avg=  102.92 max=  107.41 max/avg= 1.044
  dep (ms) min=   42.71 avg=   74.45 max=  110.19 max/avg= 1.480
 it=       46, t (us)=    0.0, np=   33431390     7327894         529    18261159    10966343
 <t> (ms): E/rho=   83.6, poisson=   78.0, sorting=    0.0, avg/write=  134.0, MC=    0.0, mover=   207.0, bck=    0.0, total=   502.6
 ----- LEGACY OMP load imbalance across iproc (min/avg/max, max/avg ratio) -----
  push(ms) min=   92.39 avg=   97.66 max=  103.80 max/avg= 1.063
  dep (ms) min=   39.67 avg=   74.82 max=  111.78 max/avg= 1.494
 it=       51, t (us)=    0.0, np=   33299421     7333467         647    18263271    10970619
 <t> (ms): E/rho=   84.2, poisson=   85.4, sorting=   33.4, avg/write=  841.6, MC=  366.6, mover=   213.6, bck=    0.0, total=  1624.8
 ----- LEGACY OMP load imbalance across iproc (min/avg/max, max/avg ratio) -----
  push(ms) min=   98.92 avg=  103.29 max=  107.78 max/avg= 1.043
  dep (ms) min=   42.36 avg=   74.57 max=  110.95 max/avg= 1.488
 it=       56, t (us)=    0.0, np=   33161414     7332931         647    18262276    10969329
 <t> (ms): E/rho=   85.6, poisson=   71.8, sorting=    0.0, avg/write=  156.6, MC=    0.0, mover=   207.2, bck=    0.0, total=   521.2
 ----- LEGACY OMP load imbalance across iproc (min/avg/max, max/avg ratio) -----
  push(ms) min=   92.16 avg=   97.65 max=  107.68 max/avg= 1.103
  dep (ms) min=   39.54 avg=   74.01 max=  110.61 max/avg= 1.494
 it=       61, t (us)=    0.0, np=   33047039     7338607         771    18264316    10973392
 <t> (ms): E/rho=   85.4, poisson=   72.0, sorting=   35.2, avg/write=  139.2, MC=  358.0, mover=   210.4, bck=    0.0, total=   900.2
 ----- LEGACY OMP load imbalance across iproc (min/avg/max, max/avg ratio) -----
  push(ms) min=   98.11 avg=  102.14 max=  106.28 max/avg= 1.040
  dep (ms) min=   42.50 avg=   73.78 max=  109.33 max/avg= 1.482
 it=       66, t (us)=    0.0, np=   32921628     7337999         771    18263256    10971863
 <t> (ms): E/rho=   85.0, poisson=   68.2, sorting=    0.0, avg/write=  131.8, MC=    0.0, mover=   203.8, bck=    0.0, total=   488.8
 ----- LEGACY OMP load imbalance across iproc (min/avg/max, max/avg ratio) -----
  push(ms) min=   91.84 avg=   96.93 max=  103.00 max/avg= 1.063
  dep (ms) min=   39.11 avg=   73.77 max=  109.67 max/avg= 1.487
 it=       71, t (us)=    0.0, np=   32818404     7343475         889    18265243    10975839
 <t> (ms): E/rho=   84.4, poisson=  641.0, sorting=   33.6, avg/write=  170.2, MC=  361.8, mover=   210.0, bck=    0.0, total=  1501.0
 ----- LEGACY OMP load imbalance across iproc (min/avg/max, max/avg ratio) -----
  push(ms) min=   98.40 avg=  101.98 max=  106.87 max/avg= 1.048
  dep (ms) min=   41.85 avg=   73.61 max=  108.87 max/avg= 1.479
 it=       76, t (us)=    0.0, np=   32705981     7342761         889    18264028    10974082
 <t> (ms): E/rho=   85.0, poisson=   67.0, sorting=    0.0, avg/write=  129.4, MC=    0.0, mover=   203.8, bck=    0.0, total=   485.2
 ----- LEGACY OMP load imbalance across iproc (min/avg/max, max/avg ratio) -----
  push(ms) min=   91.78 avg=   96.85 max=  102.75 max/avg= 1.061
  dep (ms) min=   39.06 avg=   73.10 max=  108.10 max/avg= 1.479
 it=       81, t (us)=    0.1, np=   32615484     7348306        1024    18265835    10977768
 <t> (ms): E/rho=   84.2, poisson=   68.0, sorting=   33.0, avg/write=  133.4, MC=  354.0, mover=   209.0, bck=    0.0, total=   881.6
 ----- LEGACY OMP load imbalance across iproc (min/avg/max, max/avg ratio) -----
  push(ms) min=   97.97 avg=  101.94 max=  108.95 max/avg= 1.069
  dep (ms) min=   41.81 avg=   72.69 max=  107.82 max/avg= 1.483
 it=       86, t (us)=    0.1, np=   32513771     7347557        1024    18264434    10975687
 <t> (ms): E/rho=   85.6, poisson=   70.2, sorting=    0.0, avg/write=  134.6, MC=    0.0, mover=   201.8, bck=    0.0, total=   492.2
 ----- LEGACY OMP load imbalance across iproc (min/avg/max, max/avg ratio) -----
  push(ms) min=   91.68 avg=   96.78 max=  102.60 max/avg= 1.060
  dep (ms) min=   39.06 avg=   72.90 max=  107.80 max/avg= 1.479
 it=       91, t (us)=    0.1, np=   32434381     7353121        1143    18266118    10978904
 <t> (ms): E/rho=   84.2, poisson=   67.6, sorting=   33.4, avg/write=  134.0, MC=  353.6, mover=   208.4, bck=    0.0, total=   881.2
 ----- LEGACY OMP load imbalance across iproc (min/avg/max, max/avg ratio) -----
  push(ms) min=   98.13 avg=  101.48 max=  106.23 max/avg= 1.047
  dep (ms) min=   41.33 avg=   73.13 max=  107.30 max/avg= 1.467
 it=       96, t (us)=    0.1, np=   32344341     7352284        1143    18264595    10976537
 <t> (ms): E/rho=   84.0, poisson=   68.8, sorting=    0.0, avg/write=  134.8, MC=    0.0, mover=   202.6, bck=    0.0, total=   490.2
 ----- LEGACY OMP load imbalance across iproc (min/avg/max, max/avg ratio) -----
  push(ms) min=   91.36 avg=   96.59 max=  102.74 max/avg= 1.064
  dep (ms) min=   38.94 avg=   72.63 max=  106.97 max/avg= 1.473
 it=      101, t (us)=    0.1, np=   32275823     7358011        1260    18266179    10979657
 <t> (ms): E/rho=   83.8, poisson=   80.6, sorting=   32.8, avg/write=  827.0, MC=  356.8, mover=   208.8, bck=    0.0, total=  1589.8
 ----- LEGACY OMP load imbalance across iproc (min/avg/max, max/avg ratio) -----
  push(ms) min=   98.40 avg=  101.92 max=  105.67 max/avg= 1.037
  dep (ms) min=   41.50 avg=   72.83 max=  107.26 max/avg= 1.473
 it=      106, t (us)=    0.1, np=   32193524     7357113        1260    18264490    10976992
 <t> (ms): E/rho=   89.8, poisson=   69.8, sorting=    0.0, avg/write=  154.8, MC=    0.0, mover=   200.0, bck=    0.0, total=   514.4
 ----- LEGACY OMP load imbalance across iproc (min/avg/max, max/avg ratio) -----
  push(ms) min=   91.18 avg=   96.23 max=  102.13 max/avg= 1.061
  dep (ms) min=   38.76 avg=   72.17 max=  105.72 max/avg= 1.465

SWEEP DONE - compare the 'total (ms)' steady-state values above (skip any block where MC/sorting just fired - those spike and aren't representative of a typical step).
