       0.0000   2.0356E-13
       0.0010   2.0356E-13
       0.0020   2.0356E-13
       0.0030   2.0356E-13
       0.0050   2.0356E-13
       0.0067   2.0356E-13
       0.0070   2.0356E-13
       0.0085   2.0356E-13
       0.0100   2.0356E-13
       0.0150   2.0356E-13
       0.0200   2.0356E-13
       0.0267   1.2820E-13
       0.0300   9.0474E-14
       0.0400   5.0891E-14
       0.0440   4.3563E-14
       0.0470   3.8066E-14
       0.0500   3.2570E-14
       0.0550   2.7594E-14
       0.0600   2.2619E-14
       0.0667   1.8622E-14
       0.0700   1.6618E-14
       0.0730   1.5449E-14
       0.0750   1.4670E-14
       0.0800   1.2723E-14
       0.0850   1.1388E-14
       0.0889   1.0340E-14
       0.0900   1.0053E-14
       0.1000   8.1426E-15
       0.1100   7.5319E-15
       0.1185   7.0115E-15
       0.1200   6.9212E-15
       0.1500   5.0891E-15
       0.1580   4.6015E-15
       0.1700   3.8677E-15
       0.2000   2.0356E-15
       0.2106   1.9152E-15
       0.2500   1.4702E-15
       0.2806   1.1237E-15
       0.3000   9.0474E-16
       0.3500   7.0683E-16
       0.3746   6.0934E-16
       0.4000   5.0891E-16
       0.5000   3.2579E-16
       0.5000   3.2570E-16
       0.5160   3.0978E-16
       0.6000   2.2619E-16
       0.6666   1.8622E-16
       0.7000   1.6618E-16
       0.7540   1.4514E-16
       0.8000   1.2722E-16
       0.8892   1.0340E-16
       0.9000   1.0053E-16
       1.0000   8.1426E-17
       1.1852   7.0115E-17
       1.2000   6.9212E-17
       1.3000   6.3105E-17
       1.4000   5.6998E-17
       1.4532   5.3750E-17
       1.5000   5.0891E-17
       1.5215   4.9578E-17
       1.5798   4.6015E-17
       1.6737   4.0286E-17
       1.7000   3.8677E-17
       1.8000   3.2570E-17
       1.8410   3.0065E-17
       1.9000   2.6463E-17
       2.0000   2.0356E-17
       2.0251   2.0072E-17
       2.1000   1.9225E-17
       2.1065   1.9152E-17
       2.1500   1.8660E-17
       2.2000   1.8094E-17
       2.2276   1.7782E-17
       2.3000   1.6964E-17
       2.4504   1.5263E-17
       2.5000   1.4702E-17
       2.6954   1.2492E-17
       2.7000   1.2440E-17
       2.8000   1.1309E-17
       2.8131   1.1162E-17
       2.9650   9.4433E-18
       3.0000   9.0474E-18
       3.2615   8.0123E-18
       3.3000   7.8599E-18
       3.5876   6.7213E-18
       3.6000   6.6724E-18
       3.7000   6.2766E-18
       3.7463   6.0934E-18
       3.9464   5.3013E-18
       4.0000   5.0891E-18
       4.3410   4.4643E-18
       4.5000   4.1731E-18
       4.7752   3.6690E-18
       4.9995   3.2579E-18
       5.0000   3.2570E-18
       5.2527   3.0056E-18
       5.7779   2.4829E-18
       6.0000   2.2619E-18
       6.3557   2.0484E-18
       6.6660   1.8622E-18
       6.9913   1.6670E-18
       7.0000   1.6618E-18
       7.6904   1.3928E-18
       8.0000   1.2722E-18
       8.4595   1.1496E-18
       8.8924   1.0340E-18
       8.9000   1.0320E-18
       9.0000   1.0053E-18
       9.3054   9.4693E-19
      10.0000   8.1426E-19
      10.2360   7.8092E-19
      11.0000   6.7294E-19
      11.2596   6.4504E-19
      11.3000   6.4069E-19
      11.7000   5.9771E-19
      11.7500   5.9233E-19
      11.8000   5.8696E-19
      11.8521   5.8135E-19
      11.8800   5.7836E-19
      12.0000   5.6546E-19
      12.2500   5.4455E-19
      12.3855   5.3321E-19
      12.4000   5.3200E-19
      12.5000   5.2364E-19
      12.9000   4.9018E-19
      13.0000   4.8181E-19
      13.5000   4.4862E-19
      13.6241   4.4039E-19
      14.0000   4.1544E-19
      14.9865   3.6261E-19
      15.0000   3.6189E-19
      15.4000   3.4436E-19
      15.5000   3.3998E-19
      15.6000   3.3560E-19
      15.7984   3.2691E-19
      16.0000   3.1807E-19
      16.4851   3.0045E-19
      16.6000   2.9628E-19
      17.0000   2.8175E-19
      18.0000   2.5131E-19
      18.1336   2.4787E-19
      19.0000   2.2556E-19
      19.5000   2.1456E-19
      19.9470   2.0473E-19
      20.0000   2.0356E-19
      21.0000   1.8464E-19
      21.0646   1.8358E-19
      21.9417   1.6919E-19
      22.0000   1.6824E-19
      23.0000   1.5393E-19
      24.0000   1.4136E-19
      24.1359   1.3986E-19
      25.0000   1.3029E-19
      26.0000   1.2045E-19
      26.5494   1.1564E-19
      27.0000   1.1169E-19
      28.0000   1.0386E-19
      28.1305   1.0294E-19
      29.0000   9.6820E-20
      29.2044   9.5523E-20
      30.0000   9.0474E-20
      31.0000   8.4730E-20
      32.0000   7.9518E-20
      32.1248   7.8925E-20
      33.0000   7.4771E-20
      34.0000   7.0438E-20
      35.0000   6.6470E-20
      35.3373   6.5242E-20
      36.0000   6.2829E-20
      37.0000   5.9479E-20
      37.4629   5.8048E-20
      38.0000   5.6389E-20
      39.0000   5.3535E-20
      40.0000   5.0891E-20
      41.0000   4.8439E-20
      42.0000   4.6160E-20
      43.0000   4.4038E-20
      44.0000   4.2059E-20
      45.0000   4.0210E-20
      46.0000   3.8481E-20
      47.0000   3.6861E-20
      48.0000   3.5341E-20
      49.0000   3.3914E-20
      49.9950   3.2577E-20
      50.0000   3.2570E-20
      51.0000   3.1306E-20
      52.0000   3.0114E-20
      53.0000   2.8987E-20
      53.0060   2.8981E-20
      54.0000   2.7924E-20
      55.0000   2.6918E-20
      56.0000   2.5965E-20
      57.0000   2.5063E-20
      58.0000   2.4205E-20
      59.0000   2.3391E-20
      60.0000   2.2619E-20
      61.0000   2.1882E-20
      62.0000   2.1182E-20
      63.0000   2.0515E-20
      64.0000   1.9880E-20
      65.0000   1.9273E-20
      66.0000   1.8693E-20
      66.6600   1.8327E-20
      67.0000   1.8139E-20
      68.0000   1.7610E-20
      69.0000   1.7103E-20
      70.0000   1.6618E-20
      71.0000   1.6152E-20
      72.0000   1.5707E-20
      73.0000   1.5280E-20
      74.0000   1.4870E-20
      75.0000   1.4476E-20
      76.0000   1.4097E-20
      77.0000   1.3734E-20
      78.0000   1.3384E-20
      79.0000   1.3048E-20
      79.5089   1.2882E-20
      80.0000   1.2723E-20
      81.0000   1.2411E-20
      82.0000   1.2110E-20
      83.0000   1.1820E-20
      84.0000   1.1540E-20
      85.0000   1.1270E-20
      86.0000   1.1010E-20
      87.0000   1.0758E-20
      88.0000   1.0515E-20
      88.9244   1.0298E-20
      89.0000   1.0280E-20
      90.0000   1.0053E-20
      91.0000   9.8329E-21
      92.0000   9.6203E-21
      93.0000   9.4145E-21
      94.0000   9.2153E-21
      95.0000   9.0223E-21
      96.0000   8.8353E-21
      97.0000   8.6540E-21
      98.0000   8.4784E-21
      99.0000   8.3079E-21
     100.0000   8.1426E-21
     101.0000   8.0816E-21
     118.5215   7.0115E-21
     119.2634   6.9662E-21
     125.0000   6.6159E-21
     150.0000   5.0891E-21
     157.9842   4.6015E-21
     178.8951   3.3245E-21
     200.0000   2.0356E-21
     210.6456   1.9152E-21
     268.3427   1.2627E-21
     280.6386   1.1237E-21
     300.0000   9.0474E-22
     374.6292   6.0934E-22
     400.0000   5.0891E-22
     402.5140   5.0431E-22
     499.9500   3.2579E-22
     500.0000   3.2570E-22
     600.0000   2.2619E-22
     603.7711   2.2392E-22
     666.6000   1.8622E-22
     700.0000   1.6618E-22
     800.0000   1.2722E-22
     889.2444   1.0340E-22
     900.0000   1.0053E-22
     905.6568   9.9446E-23
    1000.0000   8.1426E-23
    1185.2148   8.1426E-23
    1358.4848   8.1426E-23
    1500.0000   8.1426E-23
    1580.5086   8.1426E-23
    2000.0000   8.1426E-23
    2037.7275   8.1426E-23
    2107.7892   8.1426E-23
    2811.0522   8.1426E-23
    3000.0000   8.1426E-23
    3056.5910   8.1426E-23
    3748.2918   8.1426E-23
    4584.8861   8.1426E-23
    4998.8334   8.1426E-23
    5000.0000   8.1426E-23
    6666.0000   8.1426E-23
    6877.3322   8.1426E-23
    7000.0000   8.1426E-23
   10000.0000   8.1426E-23
 1000000.0000   8.1426E-23
  
       0.0000   6.4000E-20
       0.0010   6.4000E-20
       0.0020   6.5000E-20
       0.0030   6.6000E-20
       0.0050   6.8000E-20
       0.0067   7.0499E-20
       0.0070   7.1000E-20
       0.0085   7.2000E-20
       0.0100   7.3000E-20
       0.0150   7.7000E-20
       0.0200   8.0000E-20
       0.0267   8.3332E-20
       0.0300   8.5000E-20
       0.0400   8.9600E-20
       0.0440   9.0880E-20
       0.0470   9.1840E-20
       0.0500   9.2800E-20
       0.0550   9.4225E-20
       0.0600   9.5650E-20
       0.0667   9.7548E-20
       0.0700   9.8500E-20
       0.0730   9.9150E-20
       0.0750   9.9583E-20
       0.0800   1.0067E-19
       0.0850   1.0175E-19
       0.0889   1.0260E-19
       0.0900   1.0283E-19
       0.1000   1.0500E-19
       0.1100   1.0675E-19
       0.1185   1.0824E-19
       0.1200   1.0850E-19
       0.1500   1.1400E-19
       0.1580   1.1480E-19
       0.1700   1.1600E-19
       0.2000   1.2000E-19
       0.2106   1.2106E-19
       0.2500   1.2500E-19
       0.2806   1.2806E-19
       0.3000   1.3000E-19
       0.3500   1.3450E-19
       0.3746   1.3672E-19
       0.4000   1.3900E-19
       0.5000   1.4700E-19
       0.5000   1.4700E-19
       0.5160   1.4828E-19
       0.6000   1.5500E-19
       0.6666   1.6033E-19
       0.7000   1.6300E-19
       0.7540   1.6498E-19
       0.8000   1.6667E-19
       0.8892   1.6994E-19
       0.9000   1.7033E-19
       1.0000   1.7400E-19
       1.1852   1.7770E-19
       1.2000   1.7800E-19
       1.3000   1.8000E-19
       1.4000   1.8125E-19
       1.4532   1.8191E-19
       1.5000   1.8250E-19
       1.5215   1.8250E-19
       1.5798   1.8250E-19
       1.6737   1.8250E-19
       1.7000   1.8250E-19
       1.8000   1.8175E-19
       1.8410   1.8144E-19
       1.9000   1.8100E-19
       2.0000   1.8000E-19
       2.0251   1.7975E-19
       2.1000   1.7900E-19
       2.1065   1.7887E-19
       2.1500   1.7800E-19
       2.2000   1.7700E-19
       2.2276   1.7635E-19
       2.3000   1.7467E-19
       2.4504   1.7116E-19
       2.5000   1.7000E-19
       2.6954   1.6609E-19
       2.7000   1.6600E-19
       2.8000   1.6400E-19
       2.8131   1.6374E-19
       2.9650   1.6070E-19
       3.0000   1.6000E-19
       3.2615   1.5651E-19
       3.3000   1.5600E-19
       3.5876   1.4833E-19
       3.6000   1.4800E-19
       3.7000   1.4600E-19
       3.7463   1.4507E-19
       3.9464   1.4107E-19
       4.0000   1.4000E-19
       4.3410   1.3386E-19
       4.5000   1.3100E-19
       4.7752   1.2605E-19
       4.9995   1.2201E-19
       5.0000   1.2200E-19
       5.2527   1.1745E-19
       5.7779   1.0800E-19
       6.0000   1.0400E-19
       6.3557   9.8664E-20
       6.6660   9.4010E-20
       6.9913   8.9130E-20
       7.0000   8.9000E-20
       7.6904   8.1750E-20
       8.0000   7.8500E-20
       8.4595   7.4250E-20
       8.8924   7.0245E-20
       8.9000   7.0175E-20
       9.0000   6.9250E-20
       9.3054   6.6425E-20
      10.0000   6.0000E-20
      10.2360   5.9056E-20
      11.0000   5.6000E-20
      11.2596   5.4962E-20
      11.3000   5.4800E-20
      11.7000   5.3200E-20
      11.7500   5.3000E-20
      11.8000   5.2800E-20
      11.8521   5.2591E-20
      11.8800   5.2480E-20
      12.0000   5.2000E-20
      12.2500   5.1417E-20
      12.3855   5.1100E-20
      12.4000   5.1067E-20
      12.5000   5.0833E-20
      12.9000   4.9900E-20
      13.0000   4.9667E-20
      13.5000   4.8500E-20
      13.6241   4.8211E-20
      14.0000   4.7333E-20
      14.9865   4.5032E-20
      15.0000   4.5000E-20
      15.4000   4.4400E-20
      15.5000   4.4250E-20
      15.6000   4.4100E-20
      15.7984   4.3802E-20
      16.0000   4.3500E-20
      16.4851   4.2772E-20
      16.6000   4.2600E-20
      17.0000   4.2000E-20
      18.0000   4.1000E-20
      18.1336   4.0866E-20
      19.0000   4.0000E-20
      19.5000   3.9500E-20
      19.9470   3.9053E-20
      20.0000   3.9000E-20
      21.0000   3.8400E-20
      21.0646   3.8361E-20
      21.9417   3.7835E-20
      22.0000   3.7800E-20
      23.0000   3.7200E-20
      24.0000   3.6600E-20
      24.1359   3.6518E-20
      25.0000   3.6000E-20
      26.0000   3.5600E-20
      26.5494   3.5380E-20
      27.0000   3.5200E-20
      28.0000   3.4800E-20
      28.1305   3.4748E-20
      29.0000   3.4400E-20
      29.2044   3.4318E-20
      30.0000   3.4000E-20
      31.0000   3.3750E-20
      32.0000   3.3500E-20
      32.1248   3.3469E-20
      33.0000   3.3250E-20
      34.0000   3.3000E-20
      35.0000   3.2750E-20
      35.3373   3.2666E-20
      36.0000   3.2500E-20
      37.0000   3.2250E-20
      37.4629   3.2134E-20
      38.0000   3.2000E-20
      39.0000   3.1750E-20
      40.0000   3.1500E-20
      41.0000   3.1250E-20
      42.0000   3.1000E-20
      43.0000   3.0750E-20
      44.0000   3.0500E-20
      45.0000   3.0250E-20
      46.0000   3.0000E-20
      47.0000   2.9750E-20
      48.0000   2.9500E-20
      49.0000   2.9250E-20
      49.9950   2.9001E-20
      50.0000   2.9000E-20
      51.0000   2.8880E-20
      52.0000   2.8760E-20
      53.0000   2.8640E-20
      53.0060   2.8639E-20
      54.0000   2.8520E-20
      55.0000   2.8400E-20
      56.0000   2.8280E-20
      57.0000   2.8160E-20
      58.0000   2.8040E-20
      59.0000   2.7920E-20
      60.0000   2.7800E-20
      61.0000   2.7680E-20
      62.0000   2.7560E-20
      63.0000   2.7440E-20
      64.0000   2.7320E-20
      65.0000   2.7200E-20
      66.0000   2.7080E-20
      66.6600   2.7001E-20
      67.0000   2.6960E-20
      68.0000   2.6840E-20
      69.0000   2.6720E-20
      70.0000   2.6600E-20
      71.0000   2.6480E-20
      72.0000   2.6360E-20
      73.0000   2.6240E-20
      74.0000   2.6120E-20
      75.0000   2.6000E-20
      76.0000   2.5880E-20
      77.0000   2.5760E-20
      78.0000   2.5640E-20
      79.0000   2.5520E-20
      79.5089   2.5459E-20
      80.0000   2.5400E-20
      81.0000   2.5280E-20
      82.0000   2.5160E-20
      83.0000   2.5040E-20
      84.0000   2.4920E-20
      85.0000   2.4800E-20
      86.0000   2.4680E-20
      87.0000   2.4560E-20
      88.0000   2.4440E-20
      88.9244   2.4329E-20
      89.0000   2.4320E-20
      90.0000   2.4200E-20
      91.0000   2.4080E-20
      92.0000   2.3960E-20
      93.0000   2.3840E-20
      94.0000   2.3720E-20
      95.0000   2.3600E-20
      96.0000   2.3480E-20
      97.0000   2.3360E-20
      98.0000   2.3240E-20
      99.0000   2.3120E-20
     100.0000   2.3000E-20
     101.0000   2.2920E-20
     118.5215   2.1518E-20
     119.2634   2.1459E-20
     125.0000   2.1000E-20
     150.0000   1.9000E-20
     157.9842   1.8553E-20
     178.8951   1.7382E-20
     200.0000   1.6200E-20
     210.6456   1.5838E-20
     268.3427   1.3876E-20
     280.6386   1.3458E-20
     300.0000   1.2800E-20
     374.6292   1.1457E-20
     400.0000   1.1000E-20
     402.5140   1.0955E-20
     499.9500   9.2009E-21
     500.0000   9.2000E-21
     600.0000   8.2000E-21
     603.7711   8.1623E-21
     666.6000   7.5340E-21
     700.0000   7.2000E-21
     800.0000   6.6000E-21
     889.2444   6.0645E-21
     900.0000   6.0000E-21
     905.6568   5.9661E-21
    1000.0000   5.4000E-21
    1185.2148   4.7703E-21
    1358.4848   4.1812E-21
    1500.0000   3.7000E-21
    1580.5086   3.5712E-21
    2000.0000   2.9000E-21
    2037.7275   2.8698E-21
    2107.7892   2.8138E-21
    2811.0522   2.2512E-21
    3000.0000   2.1000E-21
    3056.5910   2.0802E-21
    3748.2918   1.8381E-21
    4584.8861   1.5453E-21
    4998.8334   1.4004E-21
    5000.0000   1.4000E-21
    6666.0000   1.1001E-21
    6877.3322   1.0621E-21
    7000.0000   1.0400E-21
   10000.0000   7.7000E-22
 1000000.0000   7.7000E-22
  
       0.0000   0.0000E+00
       0.0010   0.0000E+00
       0.0020   0.0000E+00
       0.0030   0.0000E+00
       0.0050   0.0000E+00
       0.0067   0.0000E+00
       0.0070   0.0000E+00
       0.0085   0.0000E+00
       0.0100   0.0000E+00
       0.0150   0.0000E+00
       0.0200   0.0000E+00
       0.0267   0.0000E+00
       0.0300   0.0000E+00
       0.0400   0.0000E+00
       0.0440   0.0000E+00
       0.0470   1.8630E-22
       0.0500   2.7540E-22
       0.0550   3.5640E-22
       0.0600   4.2525E-22
       0.0667   5.0077E-22
       0.0700   5.3865E-22
       0.0730   5.6113E-22
       0.0750   5.7611E-22
       0.0800   6.1357E-22
       0.0850   6.5104E-22
       0.0889   6.8044E-22
       0.0900   6.8850E-22
       0.1000   7.4520E-22
       0.1100   8.0190E-22
       0.1185   8.4101E-22
       0.1200   8.4780E-22
       0.1500   9.8550E-22
       0.1580   1.0221E-21
       0.1700   1.0773E-21
       0.2000   1.2150E-21
       0.2106   1.2635E-21
       0.2500   1.4426E-21
       0.2806   1.5821E-21
       0.3000   1.6702E-21
       0.3500   1.8978E-21
       0.3746   2.0099E-21
       0.4000   2.1254E-21
       0.5000   2.6071E-21
       0.5000   2.6073E-21
       0.5160   2.6845E-21
       0.6000   3.0893E-21
       0.6666   3.5775E-21
       0.7000   3.8223E-21
       0.7540   4.2182E-21
       0.8000   4.5554E-21
       0.8892   5.2335E-21
       0.9000   5.3152E-21
       1.0000   6.0750E-21
       1.1852   7.4063E-21
       1.2000   7.5126E-21
       1.3000   8.2314E-21
       1.4000   8.9502E-21
       1.4532   9.3325E-21
       1.5000   9.6690E-21
       1.5215   9.8236E-21
       1.5798   1.0243E-20
       1.6737   1.0917E-20
       1.7000   1.1107E-20
       1.8000   1.1825E-20
       1.8410   1.2120E-20
       1.9000   1.2544E-20
       2.0000   1.3263E-20
       2.0251   1.3388E-20
       2.1000   1.3759E-20
       2.1065   1.3791E-20
       2.1500   1.4007E-20
       2.2000   1.4255E-20
       2.2276   1.4393E-20
       2.3000   1.4752E-20
       2.4504   1.5498E-20
       2.5000   1.5744E-20
       2.6954   1.6714E-20
       2.7000   1.6736E-20
       2.8000   1.7233E-20
       2.8131   1.7297E-20
       2.9650   1.8051E-20
       3.0000   1.8225E-20
       3.2615   1.8225E-20
       3.3000   1.8225E-20
       3.5876   1.8225E-20
       3.6000   1.8225E-20
       3.7000   1.8225E-20
       3.7463   1.8225E-20
       3.9464   1.8225E-20
       4.0000   1.8225E-20
       4.3410   1.7742E-20
       4.5000   1.7516E-20
       4.7752   1.7126E-20
       4.9995   1.6808E-20
       5.0000   1.6808E-20
       5.2527   1.6449E-20
       5.7779   1.5705E-20
       6.0000   1.5390E-20
       6.3557   1.5066E-20
       6.6660   1.4783E-20
       6.9913   1.4487E-20
       7.0000   1.4479E-20
       7.6904   1.3850E-20
       8.0000   1.3568E-20
       8.4595   1.3149E-20
       8.8924   1.2754E-20
       8.9000   1.2747E-20
       9.0000   1.2656E-20
       9.3054   1.2378E-20
      10.0000   1.1745E-20
      10.2360   1.1626E-20
      11.0000   1.1239E-20
      11.2596   1.1107E-20
      11.3000   1.1087E-20
      11.7000   1.0884E-20
      11.7500   1.0859E-20
      11.8000   1.0834E-20
      11.8521   1.0807E-20
      11.8800   1.0793E-20
      12.0000   1.0732E-20
      12.2500   1.0606E-20
      12.3855   1.0537E-20
      12.4000   1.0530E-20
      12.5000   1.0479E-20
      12.9000   1.0277E-20
      13.0000   1.0226E-20
      13.5000   9.9731E-21
      13.6241   9.9103E-21
      14.0000   9.7200E-21
      14.9865   9.2206E-21
      15.0000   9.2137E-21
      15.4000   9.0112E-21
      15.5000   8.9606E-21
      15.6000   8.9100E-21
      15.7984   8.8095E-21
      16.0000   8.7075E-21
      16.4851   8.4619E-21
      16.6000   8.4037E-21
      17.0000   8.2012E-21
      18.0000   7.6950E-21
      18.1336   7.6274E-21
      19.0000   7.1888E-21
      19.5000   6.9356E-21
      19.9470   6.7093E-21
      20.0000   6.6825E-21
      21.0000   6.5205E-21
      21.0646   6.5100E-21
      21.9417   6.3679E-21
      22.0000   6.3585E-21
      23.0000   6.1965E-21
      24.0000   6.0345E-21
      24.1359   6.0125E-21
      25.0000   5.8725E-21
      26.0000   5.7105E-21
      26.5494   5.6215E-21
      27.0000   5.5485E-21
      28.0000   5.3865E-21
      28.1305   5.3654E-21
      29.0000   5.2245E-21
      29.2044   5.1914E-21
      30.0000   5.0625E-21
      31.0000   4.9815E-21
      32.0000   4.9005E-21
      32.1248   4.8904E-21
      33.0000   4.8195E-21
      34.0000   4.7385E-21
      35.0000   4.6575E-21
      35.3373   4.6302E-21
      36.0000   4.5765E-21
      37.0000   4.4955E-21
      37.4629   4.4580E-21
      38.0000   4.4145E-21
      39.0000   4.3335E-21
      40.0000   4.2525E-21
      41.0000   4.1715E-21
      42.0000   4.0905E-21
      43.0000   4.0095E-21
      44.0000   3.9285E-21
      45.0000   3.8475E-21
      46.0000   3.7665E-21
      47.0000   3.6855E-21
      48.0000   3.6045E-21
      49.0000   3.5235E-21
      49.9950   3.4429E-21
      50.0000   3.4425E-21
      51.0000   3.4040E-21
      52.0000   3.3655E-21
      53.0000   3.3271E-21
      53.0060   3.3268E-21
      54.0000   3.2886E-21
      55.0000   3.2501E-21
      56.0000   3.2116E-21
      57.0000   3.1732E-21
      58.0000   3.1347E-21
      59.0000   3.0962E-21
      60.0000   3.0577E-21
      61.0000   3.0193E-21
      62.0000   2.9808E-21
      63.0000   2.9423E-21
      64.0000   2.9039E-21
      65.0000   2.8654E-21
      66.0000   2.8269E-21
      66.6600   2.8015E-21
      67.0000   2.7884E-21
      68.0000   2.7500E-21
      69.0000   2.7115E-21
      70.0000   2.6730E-21
      71.0000   2.6514E-21
      72.0000   2.6298E-21
      73.0000   2.6082E-21
      74.0000   2.5866E-21
      75.0000   2.5650E-21
      76.0000   2.5434E-21
      77.0000   2.5218E-21
      78.0000   2.5002E-21
      79.0000   2.4786E-21
      79.5089   2.4676E-21
      80.0000   2.4570E-21
      81.0000   2.4354E-21
      82.0000   2.4138E-21
      83.0000   2.3922E-21
      84.0000   2.3706E-21
      85.0000   2.3490E-21
      86.0000   2.3274E-21
      87.0000   2.3058E-21
      88.0000   2.2842E-21
      88.9244   2.2642E-21
      89.0000   2.2626E-21
      90.0000   2.2410E-21
      91.0000   2.2194E-21
      92.0000   2.1978E-21
      93.0000   2.1762E-21
      94.0000   2.1546E-21
      95.0000   2.1330E-21
      96.0000   2.1114E-21
      97.0000   2.0898E-21
      98.0000   2.0682E-21
      99.0000   2.0466E-21
     100.0000   2.0250E-21
     101.0000   2.0128E-21
     118.5215   1.7993E-21
     119.2634   1.7903E-21
     125.0000   1.7204E-21
     150.0000   1.4783E-21
     157.9842   1.4566E-21
     178.8951   1.3997E-21
     200.0000   1.3423E-21
     210.6456   1.3134E-21
     268.3427   1.1565E-21
     280.6386   1.1230E-21
     300.0000   1.0704E-21
     374.6292   8.6744E-22
     400.0000   7.9844E-22
     402.5140   7.9161E-22
     499.9500   5.2664E-22
     500.0000   5.2650E-22
     600.0000   4.7790E-22
     603.7711   4.7607E-22
     666.6000   4.4553E-22
     700.0000   4.2930E-22
     800.0000   3.8070E-22
     889.2444   3.3733E-22
     900.0000   3.3210E-22
     905.6568   3.2935E-22
    1000.0000   2.8350E-22
    1185.2148   2.8350E-22
    1358.4848   2.8350E-22
    1500.0000   2.8350E-22
    1580.5086   2.8350E-22
    2000.0000   2.8350E-22
    2037.7275   2.8350E-22
    2107.7892   2.8350E-22
    2811.0522   2.8350E-22
    3000.0000   2.8350E-22
    3056.5910   2.8350E-22
    3748.2918   2.8350E-22
    4584.8861   2.8350E-22
    4998.8334   2.8350E-22
    5000.0000   2.8350E-22
    6666.0000   2.8350E-22
    6877.3322   2.8350E-22
    7000.0000   2.8350E-22
   10000.0000   2.8350E-22
 1000000.0000   2.8350E-22
  
       0.0000   0.0000E+00
       0.0010   0.0000E+00
       0.0020   0.0000E+00
       0.0030   0.0000E+00
       0.0050   0.0000E+00
       0.0067   0.0000E+00
       0.0070   0.0000E+00
       0.0085   0.0000E+00
       0.0100   0.0000E+00
       0.0150   0.0000E+00
       0.0200   0.0000E+00
       0.0267   0.0000E+00
       0.0300   0.0000E+00
       0.0400   0.0000E+00
       0.0440   0.0000E+00
       0.0470   0.0000E+00
       0.0500   0.0000E+00
       0.0550   0.0000E+00
       0.0600   0.0000E+00
       0.0667   0.0000E+00
       0.0700   0.0000E+00
       0.0730   0.0000E+00
       0.0750   1.0125E-22
       0.0800   1.7280E-22
       0.0850   2.1726E-22
       0.0889   2.4594E-22
       0.0900   2.5380E-22
       0.1000   2.9826E-22
       0.1100   3.4146E-22
       0.1185   3.7827E-22
       0.1200   3.8466E-22
       0.1500   4.7646E-22
       0.1580   4.9738E-22
       0.1700   5.2888E-22
       0.2000   6.0750E-22
       0.2106   6.3768E-22
       0.2500   7.4925E-22
       0.2806   8.3611E-22
       0.3000   8.9100E-22
       0.3500   1.0428E-21
       0.3746   1.1176E-21
       0.4000   1.1947E-21
       0.5000   1.5185E-21
       0.5000   1.5187E-21
       0.5160   1.5753E-21
       0.6000   1.8726E-21
       0.6666   2.1084E-21
       0.7000   2.2266E-21
       0.7540   2.4638E-21
       0.8000   2.6658E-21
       0.8892   3.0578E-21
       0.9000   3.1050E-21
       1.0000   3.5442E-21
       1.1852   4.2468E-21
       1.2000   4.3029E-21
       1.3000   4.6823E-21
       1.4000   5.0616E-21
       1.4532   5.2861E-21
       1.5000   5.4837E-21
       1.5215   5.5745E-21
       1.5798   5.8207E-21
       1.6737   6.2167E-21
       1.7000   6.3279E-21
       1.8000   6.7500E-21
       1.8410   6.9232E-21
       1.9000   7.1721E-21
       2.0000   7.5942E-21
       2.0251   7.6851E-21
       2.1000   7.9557E-21
       2.1065   7.9791E-21
       2.1500   8.1365E-21
       2.2000   8.3173E-21
       2.2276   8.4172E-21
       2.3000   8.6788E-21
       2.4504   9.2226E-21
       2.5000   9.4019E-21
       2.6954   1.0109E-20
       2.7000   1.0125E-20
       2.8000   1.0294E-20
       2.8131   1.0316E-20
       2.9650   1.0572E-20
       3.0000   1.0631E-20
       3.2615   1.1072E-20
       3.3000   1.1137E-20
       3.5876   1.0966E-20
       3.6000   1.0958E-20
       3.7000   1.0899E-20
       3.7463   1.0871E-20
       3.9464   1.0752E-20
       4.0000   1.0720E-20
       4.3410   1.0517E-20
       4.5000   1.0423E-20
       4.7752   1.0259E-20
       4.9995   1.0125E-20
       5.0000   1.0125E-20
       5.2527   9.9588E-21
       5.7779   9.6132E-21
       6.0000   9.4671E-21
       6.3557   9.2331E-21
       6.6660   9.0289E-21
       6.9913   8.8149E-21
       7.0000   8.8092E-21
       7.6904   8.4128E-21
       8.0000   8.2350E-21
       8.4595   7.9712E-21
       8.8924   7.7226E-21
       8.9000   7.7182E-21
       9.0000   7.6608E-21
       9.3054   7.4854E-21
      10.0000   7.0866E-21
      10.2360   7.0149E-21
      11.0000   6.7829E-21
      11.2596   6.7041E-21
      11.3000   6.6918E-21
      11.7000   6.5704E-21
      11.7500   6.5552E-21
      11.8000   6.5400E-21
      11.8521   6.5242E-21
      11.8800   6.5157E-21
      12.0000   6.4793E-21
      12.2500   6.4034E-21
      12.3855   6.3622E-21
      12.4000   6.3578E-21
      12.5000   6.3274E-21
      12.9000   6.2060E-21
      13.0000   6.1756E-21
      13.5000   6.0238E-21
      13.6241   5.9861E-21
      14.0000   5.8720E-21
      14.9865   5.5724E-21
      15.0000   5.5683E-21
      15.4000   5.4468E-21
      15.5000   5.4165E-21
      15.6000   5.3861E-21
      15.7984   5.3259E-21
      16.0000   5.2646E-21
      16.4851   5.1173E-21
      16.6000   5.0824E-21
      17.0000   4.9610E-21
      18.0000   4.6573E-21
      18.1336   4.6167E-21
      19.0000   4.3537E-21
      19.5000   4.2018E-21
      19.9470   4.0661E-21
      20.0000   4.0500E-21
      21.0000   3.9487E-21
      21.0646   3.9421E-21
      21.9417   3.8532E-21
      22.0000   3.8473E-21
      23.0000   3.7460E-21
      24.0000   3.6446E-21
      24.1359   3.6309E-21
      25.0000   3.5433E-21
      26.0000   3.4420E-21
      26.5494   3.3863E-21
      27.0000   3.3406E-21
      28.0000   3.2393E-21
      28.1305   3.2261E-21
      29.0000   3.1379E-21
      29.2044   3.1172E-21
      30.0000   3.0366E-21
      31.0000   2.9880E-21
      32.0000   2.9394E-21
      32.1248   2.9333E-21
      33.0000   2.8908E-21
      34.0000   2.8422E-21
      35.0000   2.7936E-21
      35.3373   2.7772E-21
      36.0000   2.7450E-21
      37.0000   2.6964E-21
      37.4629   2.6739E-21
      38.0000   2.6478E-21
      39.0000   2.5992E-21
      40.0000   2.5506E-21
      41.0000   2.5020E-21
      42.0000   2.4534E-21
      43.0000   2.4048E-21
      44.0000   2.3562E-21
      45.0000   2.3076E-21
      46.0000   2.2590E-21
      47.0000   2.2104E-21
      48.0000   2.1618E-21
      49.0000   2.1132E-21
      49.9950   2.0648E-21
      50.0000   2.0646E-21
      51.0000   2.0468E-21
      52.0000   2.0290E-21
      53.0000   2.0112E-21
      53.0060   2.0111E-21
      54.0000   1.9934E-21
      55.0000   1.9756E-21
      56.0000   1.9578E-21
      57.0000   1.9400E-21
      58.0000   1.9222E-21
      59.0000   1.9044E-21
      60.0000   1.8866E-21
      61.0000   1.8688E-21
      62.0000   1.8510E-21
      63.0000   1.8332E-21
      64.0000   1.8154E-21
      65.0000   1.7976E-21
      66.0000   1.7798E-21
      66.6600   1.7680E-21
      67.0000   1.7620E-21
      68.0000   1.7442E-21
      69.0000   1.7264E-21
      70.0000   1.7086E-21
      71.0000   1.6908E-21
      72.0000   1.6730E-21
      73.0000   1.6552E-21
      74.0000   1.6374E-21
      75.0000   1.6195E-21
      76.0000   1.6017E-21
      77.0000   1.5839E-21
      78.0000   1.5661E-21
      79.0000   1.5483E-21
      79.5089   1.5393E-21
      80.0000   1.5305E-21
      81.0000   1.5127E-21
      82.0000   1.4949E-21
      83.0000   1.4771E-21
      84.0000   1.4593E-21
      85.0000   1.4415E-21
      86.0000   1.4237E-21
      87.0000   1.4059E-21
      88.0000   1.3881E-21
      88.9244   1.3717E-21
      89.0000   1.3703E-21
      90.0000   1.3525E-21
      91.0000   1.3347E-21
      92.0000   1.3169E-21
      93.0000   1.2991E-21
      94.0000   1.2813E-21
      95.0000   1.2635E-21
      96.0000   1.2457E-21
      97.0000   1.2279E-21
      98.0000   1.2101E-21
      99.0000   1.1923E-21
     100.0000   1.1745E-21
     101.0000   1.1676E-21
     118.5215   1.0474E-21
     119.2634   1.0424E-21
     125.0000   1.0030E-21
     150.0000   8.5050E-22
     157.9842   8.3827E-22
     178.8951   8.0625E-22
     200.0000   7.7392E-22
     210.6456   7.5762E-22
     268.3427   6.6925E-22
     280.6386   6.5042E-22
     300.0000   6.2077E-22
     374.6292   5.0647E-22
     400.0000   4.6761E-22
     402.5140   4.6376E-22
     499.9500   3.1454E-22
     500.0000   3.1446E-22
     600.0000   2.8800E-22
     603.7711   2.8700E-22
     666.6000   2.7038E-22
     700.0000   2.6154E-22
     800.0000   2.3508E-22
     889.2444   2.1147E-22
     900.0000   2.0862E-22
     905.6568   2.0712E-22
    1000.0000   1.8216E-22
    1185.2148   1.8216E-22
    1358.4848   1.8216E-22
    1500.0000   1.8216E-22
    1580.5086   1.8216E-22
    2000.0000   1.8216E-22
    2037.7275   1.8216E-22
    2107.7892   1.8216E-22
    2811.0522   1.8216E-22
    3000.0000   1.8216E-22
    3056.5910   1.8216E-22
    3748.2918   1.8216E-22
    4584.8861   1.8216E-22
    4998.8334   1.8216E-22
    5000.0000   1.8216E-22
    6666.0000   1.8216E-22
    6877.3322   1.8216E-22
    7000.0000   1.8216E-22
   10000.0000   1.8216E-22
 1000000.0000   1.8216E-22
  
       0.0000   0.0000E+00
       0.0010   0.0000E+00
       0.0020   0.0000E+00
       0.0030   0.0000E+00
       0.0050   0.0000E+00
       0.0067   0.0000E+00
       0.0070   0.0000E+00
       0.0085   0.0000E+00
       0.0100   0.0000E+00
       0.0150   0.0000E+00
       0.0200   0.0000E+00
       0.0267   0.0000E+00
       0.0300   0.0000E+00
       0.0400   0.0000E+00
       0.0440   0.0000E+00
       0.0470   0.0000E+00
       0.0500   0.0000E+00
       0.0550   0.0000E+00
       0.0600   0.0000E+00
       0.0667   0.0000E+00
       0.0700   0.0000E+00
       0.0730   0.0000E+00
       0.0750   0.0000E+00
       0.0800   0.0000E+00
       0.0850   0.0000E+00
       0.0889   0.0000E+00
       0.0900   0.0000E+00
       0.1000   0.0000E+00
       0.1100   0.0000E+00
       0.1185   0.0000E+00
       0.1200   0.0000E+00
       0.1500   0.0000E+00
       0.1580   0.0000E+00
       0.1700   0.0000E+00
       0.2000   0.0000E+00
       0.2106   0.0000E+00
       0.2500   0.0000E+00
       0.2806   0.0000E+00
       0.3000   0.0000E+00
       0.3500   0.0000E+00
       0.3746   0.0000E+00
       0.4000   0.0000E+00
       0.5000   0.0000E+00
       0.5000   0.0000E+00
       0.5160   0.0000E+00
       0.6000   9.1304E-23
       0.6666   1.6370E-22
       0.7000   2.0000E-22
       0.7540   2.7200E-22
       0.8000   3.3333E-22
       0.8892   4.5233E-22
       0.9000   4.6667E-22
       1.0000   6.0000E-22
       1.1852   1.1186E-21
       1.2000   1.1600E-21
       1.3000   1.4400E-21
       1.4000   1.7200E-21
       1.4532   1.8689E-21
       1.5000   2.0000E-21
       1.5215   2.0860E-21
       1.5798   2.3194E-21
       1.6737   2.6946E-21
       1.7000   2.8000E-21
       1.8000   3.2000E-21
       1.8410   3.3641E-21
       1.9000   3.6000E-21
       2.0000   4.0000E-21
       2.0251   4.0452E-21
       2.1000   4.1800E-21
       2.1065   4.1916E-21
       2.1500   4.2700E-21
       2.2000   4.3600E-21
       2.2276   4.4098E-21
       2.3000   4.5400E-21
       2.4504   4.8107E-21
       2.5000   4.9000E-21
       2.6954   4.9782E-21
       2.7000   4.9800E-21
       2.8000   5.0200E-21
       2.8131   5.0252E-21
       2.9650   5.0860E-21
       3.0000   5.1000E-21
       3.2615   5.0128E-21
       3.3000   5.0000E-21
       3.5876   4.7535E-21
       3.6000   4.7429E-21
       3.7000   4.6571E-21
       3.7463   4.6175E-21
       3.9464   4.4459E-21
       4.0000   4.4000E-21
       4.3410   4.1272E-21
       4.5000   4.0000E-21
       4.7752   3.7799E-21
       4.9995   3.6004E-21
       5.0000   3.6000E-21
       5.2527   3.4231E-21
       5.7779   3.0554E-21
       6.0000   2.9000E-21
       6.3557   2.6510E-21
       6.6660   2.4338E-21
       6.9913   2.2061E-21
       7.0000   2.2000E-21
       7.6904   1.7857E-21
       8.0000   1.6000E-21
       8.4595   1.4392E-21
       8.8924   1.2876E-21
       8.9000   1.2850E-21
       9.0000   1.2500E-21
       9.3054   1.1431E-21
      10.0000   9.0000E-22
      10.2360   8.6461E-22
      11.0000   7.5000E-22
      11.2596   7.1107E-22
      11.3000   7.0500E-22
      11.7000   6.4500E-22
      11.7500   6.3750E-22
      11.8000   6.3000E-22
      11.8521   6.2218E-22
      11.8800   6.1800E-22
      12.0000   6.0000E-22
      12.2500   5.7500E-22
      12.3855   5.6145E-22
      12.4000   5.6000E-22
      12.5000   5.5000E-22
      12.9000   5.1000E-22
      13.0000   5.0000E-22
      13.5000   4.5000E-22
      13.6241   4.3759E-22
      14.0000   4.0000E-22
      14.9865   3.0135E-22
      15.0000   3.0000E-22
      15.4000   2.6000E-22
      15.5000   2.5000E-22
      15.6000   2.4000E-22
      15.7984   2.2016E-22
      16.0000   2.0000E-22
      16.4851   1.9843E-22
      16.6000   1.9806E-22
      17.0000   1.9676E-22
      18.0000   1.9353E-22
      18.1336   1.9310E-22
      19.0000   1.9029E-22
      19.5000   1.8868E-22
      19.9470   1.8723E-22
      20.0000   1.8706E-22
      21.0000   1.8382E-22
      21.0646   1.8361E-22
      21.9417   1.8078E-22
      22.0000   1.8059E-22
      23.0000   1.7735E-22
      24.0000   1.7412E-22
      24.1359   1.7368E-22
      25.0000   1.7088E-22
      26.0000   1.6765E-22
      26.5494   1.6587E-22
      27.0000   1.6441E-22
      28.0000   1.6118E-22
      28.1305   1.6075E-22
      29.0000   1.5794E-22
      29.2044   1.5728E-22
      30.0000   1.5471E-22
      31.0000   1.5147E-22
      32.0000   1.4824E-22
      32.1248   1.4783E-22
      33.0000   1.4500E-22
      34.0000   1.4176E-22
      35.0000   1.3853E-22
      35.3373   1.3744E-22
      36.0000   1.3529E-22
      37.0000   1.3206E-22
      37.4629   1.3056E-22
      38.0000   1.2882E-22
      39.0000   1.2559E-22
      40.0000   1.2235E-22
      41.0000   1.1912E-22
      42.0000   1.1588E-22
      43.0000   1.1265E-22
      44.0000   1.0941E-22
      45.0000   1.0618E-22
      46.0000   1.0294E-22
      47.0000   9.9706E-23
      48.0000   9.6471E-23
      49.0000   9.3235E-23
      49.9950   9.0016E-23
      50.0000   9.0000E-23
      51.0000   8.9800E-23
      52.0000   8.9600E-23
      53.0000   8.9400E-23
      53.0060   8.9399E-23
      54.0000   8.9200E-23
      55.0000   8.9000E-23
      56.0000   8.8800E-23
      57.0000   8.8600E-23
      58.0000   8.8400E-23
      59.0000   8.8200E-23
      60.0000   8.8000E-23
      61.0000   8.7800E-23
      62.0000   8.7600E-23
      63.0000   8.7400E-23
      64.0000   8.7200E-23
      65.0000   8.7000E-23
      66.0000   8.6800E-23
      66.6600   8.6668E-23
      67.0000   8.6600E-23
      68.0000   8.6400E-23
      69.0000   8.6200E-23
      70.0000   8.6000E-23
      71.0000   8.5800E-23
      72.0000   8.5600E-23
      73.0000   8.5400E-23
      74.0000   8.5200E-23
      75.0000   8.5000E-23
      76.0000   8.4800E-23
      77.0000   8.4600E-23
      78.0000   8.4400E-23
      79.0000   8.4200E-23
      79.5089   8.4098E-23
      80.0000   8.4000E-23
      81.0000   8.3800E-23
      82.0000   8.3600E-23
      83.0000   8.3400E-23
      84.0000   8.3200E-23
      85.0000   8.3000E-23
      86.0000   8.2800E-23
      87.0000   8.2600E-23
      88.0000   8.2400E-23
      88.9244   8.2215E-23
      89.0000   8.2200E-23
      90.0000   8.2000E-23
      91.0000   8.1800E-23
      92.0000   8.1600E-23
      93.0000   8.1400E-23
      94.0000   8.1200E-23
      95.0000   8.1000E-23
      96.0000   8.0800E-23
      97.0000   8.0600E-23
      98.0000   8.0400E-23
      99.0000   8.0200E-23
     100.0000   8.0000E-23
     101.0000   8.0000E-23
     118.5215   8.0000E-23
     119.2634   8.0000E-23
     125.0000   8.0000E-23
     150.0000   8.0000E-23
     157.9842   8.0000E-23
     178.8951   8.0000E-23
     200.0000   8.0000E-23
     210.6456   7.8935E-23
     268.3427   7.3166E-23
     280.6386   7.1936E-23
     300.0000   7.0000E-23
     374.6292   7.0000E-23
     400.0000   7.0000E-23
     402.5140   7.0000E-23
     499.9500   7.0000E-23
     500.0000   7.0000E-23
     600.0000   7.0000E-23
     603.7711   7.0000E-23
     666.6000   7.0000E-23
     700.0000   7.0000E-23
     800.0000   6.6667E-23
     889.2444   6.3692E-23
     900.0000   6.3333E-23
     905.6568   6.3145E-23
    1000.0000   6.0000E-23
    1185.2148   3.7774E-23
    1358.4848   1.6982E-23
    1500.0000   0.0000E+00
    1580.5086   0.0000E+00
    2000.0000   0.0000E+00
    2037.7275   0.0000E+00
    2107.7892   0.0000E+00
    2811.0522   0.0000E+00
    3000.0000   0.0000E+00
    3056.5910   0.0000E+00
    3748.2918   0.0000E+00
    4584.8861   0.0000E+00
    4998.8334   0.0000E+00
    5000.0000   0.0000E+00
    6666.0000   0.0000E+00
    6877.3322   0.0000E+00
    7000.0000   0.0000E+00
   10000.0000   0.0000E+00
 1000000.0000   0.0000E+00
  
       0.0000   0.0000E+00
       0.0010   0.0000E+00
       0.0020   0.0000E+00
       0.0030   0.0000E+00
       0.0050   0.0000E+00
       0.0067   0.0000E+00
       0.0070   0.0000E+00
       0.0085   0.0000E+00
       0.0100   0.0000E+00
       0.0150   0.0000E+00
       0.0200   0.0000E+00
       0.0267   0.0000E+00
       0.0300   0.0000E+00
       0.0400   0.0000E+00
       0.0440   0.0000E+00
       0.0470   0.0000E+00
       0.0500   0.0000E+00
       0.0550   0.0000E+00
       0.0600   0.0000E+00
       0.0667   0.0000E+00
       0.0700   0.0000E+00
       0.0730   0.0000E+00
       0.0750   0.0000E+00
       0.0800   0.0000E+00
       0.0850   0.0000E+00
       0.0889   0.0000E+00
       0.0900   0.0000E+00
       0.1000   0.0000E+00
       0.1100   0.0000E+00
       0.1185   0.0000E+00
       0.1200   0.0000E+00
       0.1500   0.0000E+00
       0.1580   0.0000E+00
       0.1700   0.0000E+00
       0.2000   0.0000E+00
       0.2106   0.0000E+00
       0.2500   0.0000E+00
       0.2806   0.0000E+00
       0.3000   0.0000E+00
       0.3500   0.0000E+00
       0.3746   0.0000E+00
       0.4000   0.0000E+00
       0.5000   0.0000E+00
       0.5000   0.0000E+00
       0.5160   0.0000E+00
       0.6000   0.0000E+00
       0.6666   0.0000E+00
       0.7000   0.0000E+00
       0.7540   0.0000E+00
       0.8000   0.0000E+00
       0.8892   0.0000E+00
       0.9000   0.0000E+00
       1.0000   0.0000E+00
       1.1852   0.0000E+00
       1.2000   0.0000E+00
       1.3000   0.0000E+00
       1.4000   1.5000E-23
       1.4532   2.2978E-23
       1.5000   3.0000E-23
       1.5215   3.3585E-23
       1.5798   4.3307E-23
       1.6737   5.8944E-23
       1.7000   6.3333E-23
       1.8000   8.0000E-23
       1.8410   9.1722E-23
       1.9000   1.0857E-22
       2.0000   1.3714E-22
       2.0251   1.4432E-22
       2.1000   1.6571E-22
       2.1065   1.6756E-22
       2.1500   1.8000E-22
       2.2000   2.0000E-22
       2.2276   2.1106E-22
       2.3000   2.4000E-22
       2.4504   2.7760E-22
       2.5000   2.9000E-22
       2.6954   3.1736E-22
       2.7000   3.1800E-22
       2.8000   3.3200E-22
       2.8131   3.3383E-22
       2.9650   3.5510E-22
       3.0000   3.6000E-22
       3.2615   3.6872E-22
       3.3000   3.7000E-22
       3.5876   3.7959E-22
       3.6000   3.8000E-22
       3.7000   3.8000E-22
       3.7463   3.8000E-22
       3.9464   3.8000E-22
       4.0000   3.8000E-22
       4.3410   3.6636E-22
       4.5000   3.6000E-22
       4.7752   3.4899E-22
       4.9995   3.4002E-22
       5.0000   3.4000E-22
       5.2527   3.2989E-22
       5.7779   3.0888E-22
       6.0000   3.0000E-22
       6.3557   2.8459E-22
       6.6660   2.7114E-22
       6.9913   2.5704E-22
       7.0000   2.5667E-22
       7.6904   2.2675E-22
       8.0000   2.1333E-22
       8.4595   1.9342E-22
       8.8924   1.7466E-22
       8.9000   1.7433E-22
       9.0000   1.7000E-22
       9.3054   1.6084E-22
      10.0000   1.4000E-22
      10.2360   1.3292E-22
      11.0000   1.1000E-22
      11.2596   1.0221E-22
      11.3000   1.0100E-22
      11.7000   8.9000E-23
      11.7500   8.7500E-23
      11.8000   8.6000E-23
      11.8521   8.4436E-23
      11.8800   8.3600E-23
      12.0000   8.0000E-23
      12.2500   7.5000E-23
      12.3855   7.2290E-23
      12.4000   7.2000E-23
      12.5000   7.0000E-23
      12.9000   6.2000E-23
      13.0000   6.0000E-23
      13.5000   5.0000E-23
      13.6241   4.7519E-23
      14.0000   4.0000E-23
      14.9865   2.0271E-23
      15.0000   2.0000E-23
      15.4000   1.2000E-23
      15.5000   1.0000E-23
      15.6000   8.0000E-24
      15.7984   4.0316E-24
      16.0000   0.0000E+00
      16.4851   0.0000E+00
      16.6000   0.0000E+00
      17.0000   0.0000E+00
      18.0000   0.0000E+00
      18.1336   0.0000E+00
      19.0000   0.0000E+00
      19.5000   0.0000E+00
      19.9470   0.0000E+00
      20.0000   0.0000E+00
      21.0000   0.0000E+00
      21.0646   0.0000E+00
      21.9417   0.0000E+00
      22.0000   0.0000E+00
      23.0000   0.0000E+00
      24.0000   0.0000E+00
      24.1359   0.0000E+00
      25.0000   0.0000E+00
      26.0000   0.0000E+00
      26.5494   0.0000E+00
      27.0000   0.0000E+00
      28.0000   0.0000E+00
      28.1305   0.0000E+00
      29.0000   0.0000E+00
      29.2044   0.0000E+00
      30.0000   0.0000E+00
      31.0000   0.0000E+00
      32.0000   0.0000E+00
      32.1248   0.0000E+00
      33.0000   0.0000E+00
      34.0000   0.0000E+00
      35.0000   0.0000E+00
      35.3373   0.0000E+00
      36.0000   0.0000E+00
      37.0000   0.0000E+00
      37.4629   0.0000E+00
      38.0000   0.0000E+00
      39.0000   0.0000E+00
      40.0000   0.0000E+00
      41.0000   0.0000E+00
      42.0000   0.0000E+00
      43.0000   0.0000E+00
      44.0000   0.0000E+00
      45.0000   0.0000E+00
      46.0000   0.0000E+00
      47.0000   0.0000E+00
      48.0000   0.0000E+00
      49.0000   0.0000E+00
      49.9950   0.0000E+00
      50.0000   0.0000E+00
      51.0000   0.0000E+00
      52.0000   0.0000E+00
      53.0000   0.0000E+00
      53.0060   0.0000E+00
      54.0000   0.0000E+00
      55.0000   0.0000E+00
      56.0000   0.0000E+00
      57.0000   0.0000E+00
      58.0000   0.0000E+00
      59.0000   0.0000E+00
      60.0000   0.0000E+00
      61.0000   0.0000E+00
      62.0000   0.0000E+00
      63.0000   0.0000E+00
      64.0000   0.0000E+00
      65.0000   0.0000E+00
      66.0000   0.0000E+00
      66.6600   0.0000E+00
      67.0000   0.0000E+00
      68.0000   0.0000E+00
      69.0000   0.0000E+00
      70.0000   0.0000E+00
      71.0000   0.0000E+00
      72.0000   0.0000E+00
      73.0000   0.0000E+00
      74.0000   0.0000E+00
      75.0000   0.0000E+00
      76.0000   0.0000E+00
      77.0000   0.0000E+00
      78.0000   0.0000E+00
      79.0000   0.0000E+00
      79.5089   0.0000E+00
      80.0000   0.0000E+00
      81.0000   0.0000E+00
      82.0000   0.0000E+00
      83.0000   0.0000E+00
      84.0000   0.0000E+00
      85.0000   0.0000E+00
      86.0000   0.0000E+00
      87.0000   0.0000E+00
      88.0000   0.0000E+00
      88.9244   0.0000E+00
      89.0000   0.0000E+00
      90.0000   0.0000E+00
      91.0000   0.0000E+00
      92.0000   0.0000E+00
      93.0000   0.0000E+00
      94.0000   0.0000E+00
      95.0000   0.0000E+00
      96.0000   0.0000E+00
      97.0000   0.0000E+00
      98.0000   0.0000E+00
      99.0000   0.0000E+00
     100.0000   0.0000E+00
     101.0000   0.0000E+00
     118.5215   0.0000E+00
     119.2634   0.0000E+00
     125.0000   0.0000E+00
     150.0000   0.0000E+00
     157.9842   0.0000E+00
     178.8951   0.0000E+00
     200.0000   0.0000E+00
     210.6456   0.0000E+00
     268.3427   0.0000E+00
     280.6386   0.0000E+00
     300.0000   0.0000E+00
     374.6292   0.0000E+00
     400.0000   0.0000E+00
     402.5140   0.0000E+00
     499.9500   0.0000E+00
     500.0000   0.0000E+00
     600.0000   0.0000E+00
     603.7711   0.0000E+00
     666.6000   0.0000E+00
     700.0000   0.0000E+00
     800.0000   0.0000E+00
     889.2444   0.0000E+00
     900.0000   0.0000E+00
     905.6568   0.0000E+00
    1000.0000   0.0000E+00
    1185.2148   0.0000E+00
    1358.4848   0.0000E+00
    1500.0000   0.0000E+00
    1580.5086   0.0000E+00
    2000.0000   0.0000E+00
    2037.7275   0.0000E+00
    2107.7892   0.0000E+00
    2811.0522   0.0000E+00
    3000.0000   0.0000E+00
    3056.5910   0.0000E+00
    3748.2918   0.0000E+00
    4584.8861   0.0000E+00
    4998.8334   0.0000E+00
    5000.0000   0.0000E+00
    6666.0000   0.0000E+00
    6877.3322   0.0000E+00
    7000.0000   0.0000E+00
   10000.0000   0.0000E+00
 1000000.0000   0.0000E+00
  
       0.0000   0.0000E+00
       0.0010   0.0000E+00
       0.0020   0.0000E+00
       0.0030   0.0000E+00
       0.0050   0.0000E+00
       0.0067   0.0000E+00
       0.0070   0.0000E+00
       0.0085   0.0000E+00
       0.0100   0.0000E+00
       0.0150   0.0000E+00
       0.0200   0.0000E+00
       0.0267   0.0000E+00
       0.0300   0.0000E+00
       0.0400   0.0000E+00
       0.0440   0.0000E+00
       0.0470   0.0000E+00
       0.0500   0.0000E+00
       0.0550   0.0000E+00
       0.0600   0.0000E+00
       0.0667   0.0000E+00
       0.0700   0.0000E+00
       0.0730   0.0000E+00
       0.0750   0.0000E+00
       0.0800   0.0000E+00
       0.0850   0.0000E+00
       0.0889   0.0000E+00
       0.0900   0.0000E+00
       0.1000   0.0000E+00
       0.1100   0.0000E+00
       0.1185   0.0000E+00
       0.1200   0.0000E+00
       0.1500   0.0000E+00
       0.1580   0.0000E+00
       0.1700   0.0000E+00
       0.2000   0.0000E+00
       0.2106   0.0000E+00
       0.2500   0.0000E+00
       0.2806   0.0000E+00
       0.3000   0.0000E+00
       0.3500   0.0000E+00
       0.3746   0.0000E+00
       0.4000   0.0000E+00
       0.5000   0.0000E+00
       0.5000   0.0000E+00
       0.5160   0.0000E+00
       0.6000   0.0000E+00
       0.6666   0.0000E+00
       0.7000   0.0000E+00
       0.7540   0.0000E+00
       0.8000   0.0000E+00
       0.8892   0.0000E+00
       0.9000   0.0000E+00
       1.0000   0.0000E+00
       1.1852   0.0000E+00
       1.2000   0.0000E+00
       1.3000   0.0000E+00
       1.4000   0.0000E+00
       1.4532   0.0000E+00
       1.5000   0.0000E+00
       1.5215   2.1510E-25
       1.5798   7.9842E-25
       1.6737   1.7366E-24
       1.7000   2.0000E-24
       1.8000   3.0000E-24
       1.8410   5.8719E-24
       1.9000   1.0000E-23
       2.0000   1.3000E-23
       2.0251   1.3880E-23
       2.1000   1.6500E-23
       2.1065   1.6726E-23
       2.1500   1.8250E-23
       2.2000   2.0000E-23
       2.2276   2.0829E-23
       2.3000   2.3000E-23
       2.4504   2.7512E-23
       2.5000   2.9000E-23
       2.6954   3.2518E-23
       2.7000   3.2600E-23
       2.8000   3.4400E-23
       2.8131   3.4635E-23
       2.9650   3.7370E-23
       3.0000   3.8000E-23
       3.2615   4.0615E-23
       3.3000   4.1000E-23
       3.5876   4.1000E-23
       3.6000   4.1000E-23
       3.7000   4.1000E-23
       3.7463   4.0751E-23
       3.9464   3.9673E-23
       4.0000   3.9385E-23
       4.3410   3.7548E-23
       4.5000   3.6692E-23
       4.7752   3.5211E-23
       4.9995   3.4003E-23
       5.0000   3.4000E-23
       5.2527   3.2610E-23
       5.7779   2.9721E-23
       6.0000   2.8500E-23
       6.3557   2.6544E-23
       6.6660   2.4837E-23
       6.9913   2.3048E-23
       7.0000   2.3000E-23
       7.6904   2.0468E-23
       8.0000   1.9333E-23
       8.4595   1.7649E-23
       8.8924   1.6061E-23
       8.9000   1.6033E-23
       9.0000   1.5667E-23
       9.3054   1.4547E-23
      10.0000   1.2000E-23
      10.2360   1.1292E-23
      11.0000   9.0000E-24
      11.2596   8.2213E-24
      11.3000   8.1000E-24
      11.7000   6.9000E-24
      11.7500   6.7500E-24
      11.8000   6.6000E-24
      11.8521   6.4436E-24
      11.8800   6.3600E-24
      12.0000   6.0000E-24
      12.2500   5.3750E-24
      12.3855   5.0362E-24
      12.4000   5.0000E-24
      12.5000   4.7500E-24
      12.9000   3.7500E-24
      13.0000   3.5000E-24
      13.5000   2.2500E-24
      13.6241   1.9398E-24
      14.0000   1.0000E-24
      14.9865   5.0677E-25
      15.0000   5.0000E-25
      15.4000   3.0000E-25
      15.5000   2.5000E-25
      15.6000   2.0000E-25
      15.7984   1.0079E-25
      16.0000   0.0000E+00
      16.4851   0.0000E+00
      16.6000   0.0000E+00
      17.0000   0.0000E+00
      18.0000   0.0000E+00
      18.1336   0.0000E+00
      19.0000   0.0000E+00
      19.5000   0.0000E+00
      19.9470   0.0000E+00
      20.0000   0.0000E+00
      21.0000   0.0000E+00
      21.0646   0.0000E+00
      21.9417   0.0000E+00
      22.0000   0.0000E+00
      23.0000   0.0000E+00
      24.0000   0.0000E+00
      24.1359   0.0000E+00
      25.0000   0.0000E+00
      26.0000   0.0000E+00
      26.5494   0.0000E+00
      27.0000   0.0000E+00
      28.0000   0.0000E+00
      28.1305   0.0000E+00
      29.0000   0.0000E+00
      29.2044   0.0000E+00
      30.0000   0.0000E+00
      31.0000   0.0000E+00
      32.0000   0.0000E+00
      32.1248   0.0000E+00
      33.0000   0.0000E+00
      34.0000   0.0000E+00
      35.0000   0.0000E+00
      35.3373   0.0000E+00
      36.0000   0.0000E+00
      37.0000   0.0000E+00
      37.4629   0.0000E+00
      38.0000   0.0000E+00
      39.0000   0.0000E+00
      40.0000   0.0000E+00
      41.0000   0.0000E+00
      42.0000   0.0000E+00
      43.0000   0.0000E+00
      44.0000   0.0000E+00
      45.0000   0.0000E+00
      46.0000   0.0000E+00
      47.0000   0.0000E+00
      48.0000   0.0000E+00
      49.0000   0.0000E+00
      49.9950   0.0000E+00
      50.0000   0.0000E+00
      51.0000   0.0000E+00
      52.0000   0.0000E+00
      53.0000   0.0000E+00
      53.0060   0.0000E+00
      54.0000   0.0000E+00
      55.0000   0.0000E+00
      56.0000   0.0000E+00
      57.0000   0.0000E+00
      58.0000   0.0000E+00
      59.0000   0.0000E+00
      60.0000   0.0000E+00
      61.0000   0.0000E+00
      62.0000   0.0000E+00
      63.0000   0.0000E+00
      64.0000   0.0000E+00
      65.0000   0.0000E+00
      66.0000   0.0000E+00
      66.6600   0.0000E+00
      67.0000   0.0000E+00
      68.0000   0.0000E+00
      69.0000   0.0000E+00
      70.0000   0.0000E+00
      71.0000   0.0000E+00
      72.0000   0.0000E+00
      73.0000   0.0000E+00
      74.0000   0.0000E+00
      75.0000   0.0000E+00
      76.0000   0.0000E+00
      77.0000   0.0000E+00
      78.0000   0.0000E+00
      79.0000   0.0000E+00
      79.5089   0.0000E+00
      80.0000   0.0000E+00
      81.0000   0.0000E+00
      82.0000   0.0000E+00
      83.0000   0.0000E+00
      84.0000   0.0000E+00
      85.0000   0.0000E+00
      86.0000   0.0000E+00
      87.0000   0.0000E+00
      88.0000   0.0000E+00
      88.9244   0.0000E+00
      89.0000   0.0000E+00
      90.0000   0.0000E+00
      91.0000   0.0000E+00
      92.0000   0.0000E+00
      93.0000   0.0000E+00
      94.0000   0.0000E+00
      95.0000   0.0000E+00
      96.0000   0.0000E+00
      97.0000   0.0000E+00
      98.0000   0.0000E+00
      99.0000   0.0000E+00
     100.0000   0.0000E+00
     101.0000   0.0000E+00
     118.5215   0.0000E+00
     119.2634   0.0000E+00
     125.0000   0.0000E+00
     150.0000   0.0000E+00
     157.9842   0.0000E+00
     178.8951   0.0000E+00
     200.0000   0.0000E+00
     210.6456   0.0000E+00
     268.3427   0.0000E+00
     280.6386   0.0000E+00
     300.0000   0.0000E+00
     374.6292   0.0000E+00
     400.0000   0.0000E+00
     402.5140   0.0000E+00
     499.9500   0.0000E+00
     500.0000   0.0000E+00
     600.0000   0.0000E+00
     603.7711   0.0000E+00
     666.6000   0.0000E+00
     700.0000   0.0000E+00
     800.0000   0.0000E+00
     889.2444   0.0000E+00
     900.0000   0.0000E+00
     905.6568   0.0000E+00
    1000.0000   0.0000E+00
    1185.2148   0.0000E+00
    1358.4848   0.0000E+00
    1500.0000   0.0000E+00
    1580.5086   0.0000E+00
    2000.0000   0.0000E+00
    2037.7275   0.0000E+00
    2107.7892   0.0000E+00
    2811.0522   0.0000E+00
    3000.0000   0.0000E+00
    3056.5910   0.0000E+00
    3748.2918   0.0000E+00
    4584.8861   0.0000E+00
    4998.8334   0.0000E+00
    5000.0000   0.0000E+00
    6666.0000   0.0000E+00
    6877.3322   0.0000E+00
    7000.0000   0.0000E+00
   10000.0000   0.0000E+00
 1000000.0000   0.0000E+00
  
       0.0000   0.0000E+00
       0.0010   0.0000E+00
       0.0020   0.0000E+00
       0.0030   0.0000E+00
       0.0050   0.0000E+00
       0.0067   0.0000E+00
       0.0070   0.0000E+00
       0.0085   0.0000E+00
       0.0100   0.0000E+00
       0.0150   0.0000E+00
       0.0200   0.0000E+00
       0.0267   0.0000E+00
       0.0300   0.0000E+00
       0.0400   0.0000E+00
       0.0440   0.0000E+00
       0.0470   0.0000E+00
       0.0500   0.0000E+00
       0.0550   0.0000E+00
       0.0600   0.0000E+00
       0.0667   0.0000E+00
       0.0700   0.0000E+00
       0.0730   0.0000E+00
       0.0750   0.0000E+00
       0.0800   0.0000E+00
       0.0850   0.0000E+00
       0.0889   0.0000E+00
       0.0900   0.0000E+00
       0.1000   0.0000E+00
       0.1100   0.0000E+00
       0.1185   0.0000E+00
       0.1200   0.0000E+00
       0.1500   0.0000E+00
       0.1580   0.0000E+00
       0.1700   0.0000E+00
       0.2000   0.0000E+00
       0.2106   0.0000E+00
       0.2500   0.0000E+00
       0.2806   0.0000E+00
       0.3000   0.0000E+00
       0.3500   0.0000E+00
       0.3746   0.0000E+00
       0.4000   0.0000E+00
       0.5000   0.0000E+00
       0.5000   0.0000E+00
       0.5160   0.0000E+00
       0.6000   0.0000E+00
       0.6666   0.0000E+00
       0.7000   0.0000E+00
       0.7540   0.0000E+00
       0.8000   0.0000E+00
       0.8892   0.0000E+00
       0.9000   0.0000E+00
       1.0000   0.0000E+00
       1.1852   0.0000E+00
       1.2000   0.0000E+00
       1.3000   0.0000E+00
       1.4000   0.0000E+00
       1.4532   0.0000E+00
       1.5000   0.0000E+00
       1.5215   0.0000E+00
       1.5798   0.0000E+00
       1.6737   0.0000E+00
       1.7000   0.0000E+00
       1.8000   0.0000E+00
       1.8410   0.0000E+00
       1.9000   0.0000E+00
       2.0000   0.0000E+00
       2.0251   0.0000E+00
       2.1000   0.0000E+00
       2.1065   0.0000E+00
       2.1500   0.0000E+00
       2.2000   0.0000E+00
       2.2276   0.0000E+00
       2.3000   0.0000E+00
       2.4504   0.0000E+00
       2.5000   0.0000E+00
       2.6954   0.0000E+00
       2.7000   0.0000E+00
       2.8000   0.0000E+00
       2.8131   0.0000E+00
       2.9650   0.0000E+00
       3.0000   0.0000E+00
       3.2615   0.0000E+00
       3.3000   0.0000E+00
       3.5876   0.0000E+00
       3.6000   0.0000E+00
       3.7000   0.0000E+00
       3.7463   0.0000E+00
       3.9464   0.0000E+00
       4.0000   0.0000E+00
       4.3410   0.0000E+00
       4.5000   0.0000E+00
       4.7752   0.0000E+00
       4.9995   0.0000E+00
       5.0000   0.0000E+00
       5.2527   0.0000E+00
       5.7779   0.0000E+00
       6.0000   0.0000E+00
       6.3557   0.0000E+00
       6.6660   0.0000E+00
       6.9913   0.0000E+00
       7.0000   0.0000E+00
       7.6904   0.0000E+00
       8.0000   0.0000E+00
       8.4595   0.0000E+00
       8.8924   0.0000E+00
       8.9000   0.0000E+00
       9.0000   1.0451E-22
       9.3054   4.2370E-22
      10.0000   1.1496E-21
      10.2360   1.3667E-21
      11.0000   2.0696E-21
      11.2596   2.3084E-21
      11.3000   2.3456E-21
      11.7000   2.7136E-21
      11.7500   2.7596E-21
      11.8000   2.8056E-21
      11.8521   2.8536E-21
      11.8800   2.8792E-21
      12.0000   2.9896E-21
      12.2500   3.0069E-21
      12.3855   3.0162E-21
      12.4000   3.0172E-21
      12.5000   3.0241E-21
      12.9000   3.0517E-21
      13.0000   3.0586E-21
      13.5000   3.0932E-21
      13.6241   3.1017E-21
      14.0000   3.1277E-21
      14.9865   3.1958E-21
      15.0000   3.1967E-21
      15.4000   3.2243E-21
      15.5000   3.2312E-21
      15.6000   3.2381E-21
      15.7984   3.2518E-21
      16.0000   3.2658E-21
      16.4851   3.2993E-21
      16.6000   3.3072E-21
      17.0000   3.3348E-21
      18.0000   3.1815E-21
      18.1336   3.1610E-21
      19.0000   3.0281E-21
      19.5000   2.9515E-21
      19.9470   2.8829E-21
      20.0000   2.8748E-21
      21.0000   2.7138E-21
      21.0646   2.7034E-21
      21.9417   2.5621E-21
      22.0000   2.5527E-21
      23.0000   2.3917E-21
      24.0000   2.2306E-21
      24.1359   2.2088E-21
      25.0000   2.0696E-21
      26.0000   1.9317E-21
      26.5494   1.8559E-21
      27.0000   1.7938E-21
      28.0000   1.6558E-21
      28.1305   1.6378E-21
      29.0000   1.5179E-21
      29.2044   1.4897E-21
      30.0000   1.3800E-21
      31.0000   1.2995E-21
      32.0000   1.2190E-21
      32.1248   1.2089E-21
      33.0000   1.1385E-21
      34.0000   1.0580E-21
      35.0000   9.7748E-22
      35.3373   9.5033E-22
      36.0000   8.9698E-22
      37.0000   8.1647E-22
      37.4629   7.7921E-22
      38.0000   7.3597E-22
      39.0000   6.5546E-22
      40.0000   5.7496E-22
      41.0000   5.4626E-22
      42.0000   5.1757E-22
      43.0000   4.8887E-22
      44.0000   4.6018E-22
      45.0000   4.3148E-22
      46.0000   4.0278E-22
      47.0000   3.7409E-22
      48.0000   3.4539E-22
      49.0000   3.1670E-22
      49.9950   2.8814E-22
      50.0000   2.8800E-22
      51.0000   2.7300E-22
      52.0000   2.5800E-22
      53.0000   2.4300E-22
      53.0060   2.4291E-22
      54.0000   2.2800E-22
      55.0000   2.1300E-22
      56.0000   1.9800E-22
      57.0000   1.8300E-22
      58.0000   1.6800E-22
      59.0000   1.5300E-22
      60.0000   1.3800E-22
      61.0000   1.3285E-22
      62.0000   1.2770E-22
      63.0000   1.2255E-22
      64.0000   1.1740E-22
      65.0000   1.1225E-22
      66.0000   1.0710E-22
      66.6600   1.0370E-22
      67.0000   1.0195E-22
      68.0000   9.6800E-23
      69.0000   9.1650E-23
      70.0000   8.6500E-23
      71.0000   8.1350E-23
      72.0000   7.6200E-23
      73.0000   7.1050E-23
      74.0000   6.5900E-23
      75.0000   6.0750E-23
      76.0000   5.5600E-23
      77.0000   5.0450E-23
      78.0000   4.5300E-23
      79.0000   4.0150E-23
      79.5089   3.7529E-23
      80.0000   3.5000E-23
      81.0000   3.3250E-23
      82.0000   3.1500E-23
      83.0000   2.9750E-23
      84.0000   2.8000E-23
      85.0000   2.6250E-23
      86.0000   2.4500E-23
      87.0000   2.2750E-23
      88.0000   2.1000E-23
      88.9244   1.9382E-23
      89.0000   1.9250E-23
      90.0000   1.7500E-23
      91.0000   1.5750E-23
      92.0000   1.4000E-23
      93.0000   1.2250E-23
      94.0000   1.0500E-23
      95.0000   8.7500E-24
      96.0000   7.0000E-24
      97.0000   5.2500E-24
      98.0000   3.5000E-24
      99.0000   1.7500E-24
     100.0000   0.0000E+00
     101.0000   0.0000E+00
     118.5215   0.0000E+00
     119.2634   0.0000E+00
     125.0000   0.0000E+00
     150.0000   0.0000E+00
     157.9842   0.0000E+00
     178.8951   0.0000E+00
     200.0000   0.0000E+00
     210.6456   0.0000E+00
     268.3427   0.0000E+00
     280.6386   0.0000E+00
     300.0000   0.0000E+00
     374.6292   0.0000E+00
     400.0000   0.0000E+00
     402.5140   0.0000E+00
     499.9500   0.0000E+00
     500.0000   0.0000E+00
     600.0000   0.0000E+00
     603.7711   0.0000E+00
     666.6000   0.0000E+00
     700.0000   0.0000E+00
     800.0000   0.0000E+00
     889.2444   0.0000E+00
     900.0000   0.0000E+00
     905.6568   0.0000E+00
    1000.0000   0.0000E+00
    1185.2148   0.0000E+00
    1358.4848   0.0000E+00
    1500.0000   0.0000E+00
    1580.5086   0.0000E+00
    2000.0000   0.0000E+00
    2037.7275   0.0000E+00
    2107.7892   0.0000E+00
    2811.0522   0.0000E+00
    3000.0000   0.0000E+00
    3056.5910   0.0000E+00
    3748.2918   0.0000E+00
    4584.8861   0.0000E+00
    4998.8334   0.0000E+00
    5000.0000   0.0000E+00
    6666.0000   0.0000E+00
    6877.3322   0.0000E+00
    7000.0000   0.0000E+00
   10000.0000   0.0000E+00
 1000000.0000   0.0000E+00
  
       0.0000   0.0000E+00
       0.0010   0.0000E+00
       0.0020   0.0000E+00
       0.0030   0.0000E+00
       0.0050   0.0000E+00
       0.0067   0.0000E+00
       0.0070   0.0000E+00
       0.0085   0.0000E+00
       0.0100   0.0000E+00
       0.0150   0.0000E+00
       0.0200   0.0000E+00
       0.0267   0.0000E+00
       0.0300   0.0000E+00
       0.0400   0.0000E+00
       0.0440   0.0000E+00
       0.0470   0.0000E+00
       0.0500   0.0000E+00
       0.0550   0.0000E+00
       0.0600   0.0000E+00
       0.0667   0.0000E+00
       0.0700   0.0000E+00
       0.0730   0.0000E+00
       0.0750   0.0000E+00
       0.0800   0.0000E+00
       0.0850   0.0000E+00
       0.0889   0.0000E+00
       0.0900   0.0000E+00
       0.1000   0.0000E+00
       0.1100   0.0000E+00
       0.1185   0.0000E+00
       0.1200   0.0000E+00
       0.1500   0.0000E+00
       0.1580   0.0000E+00
       0.1700   0.0000E+00
       0.2000   0.0000E+00
       0.2106   0.0000E+00
       0.2500   0.0000E+00
       0.2806   0.0000E+00
       0.3000   0.0000E+00
       0.3500   0.0000E+00
       0.3746   0.0000E+00
       0.4000   0.0000E+00
       0.5000   0.0000E+00
       0.5000   0.0000E+00
       0.5160   0.0000E+00
       0.6000   0.0000E+00
       0.6666   0.0000E+00
       0.7000   0.0000E+00
       0.7540   0.0000E+00
       0.8000   0.0000E+00
       0.8892   0.0000E+00
       0.9000   0.0000E+00
       1.0000   0.0000E+00
       1.1852   0.0000E+00
       1.2000   0.0000E+00
       1.3000   0.0000E+00
       1.4000   0.0000E+00
       1.4532   0.0000E+00
       1.5000   0.0000E+00
       1.5215   0.0000E+00
       1.5798   0.0000E+00
       1.6737   0.0000E+00
       1.7000   0.0000E+00
       1.8000   0.0000E+00
       1.8410   0.0000E+00
       1.9000   0.0000E+00
       2.0000   0.0000E+00
       2.0251   0.0000E+00
       2.1000   0.0000E+00
       2.1065   0.0000E+00
       2.1500   0.0000E+00
       2.2000   0.0000E+00
       2.2276   0.0000E+00
       2.3000   0.0000E+00
       2.4504   0.0000E+00
       2.5000   0.0000E+00
       2.6954   0.0000E+00
       2.7000   0.0000E+00
       2.8000   0.0000E+00
       2.8131   0.0000E+00
       2.9650   0.0000E+00
       3.0000   0.0000E+00
       3.2615   0.0000E+00
       3.3000   0.0000E+00
       3.5876   0.0000E+00
       3.6000   0.0000E+00
       3.7000   0.0000E+00
       3.7463   0.0000E+00
       3.9464   0.0000E+00
       4.0000   0.0000E+00
       4.3410   0.0000E+00
       4.5000   0.0000E+00
       4.7752   0.0000E+00
       4.9995   0.0000E+00
       5.0000   0.0000E+00
       5.2527   0.0000E+00
       5.7779   0.0000E+00
       6.0000   0.0000E+00
       6.3557   0.0000E+00
       6.6660   0.0000E+00
       6.9913   0.0000E+00
       7.0000   0.0000E+00
       7.6904   0.0000E+00
       8.0000   0.0000E+00
       8.4595   0.0000E+00
       8.8924   0.0000E+00
       8.9000   0.0000E+00
       9.0000   0.0000E+00
       9.3054   0.0000E+00
      10.0000   0.0000E+00
      10.2360   0.0000E+00
      11.0000   0.0000E+00
      11.2596   0.0000E+00
      11.3000   0.0000E+00
      11.7000   1.0000E-21
      11.7500   9.9375E-22
      11.8000   9.8750E-22
      11.8521   9.8098E-22
      11.8800   9.7750E-22
      12.0000   9.6250E-22
      12.2500   9.3125E-22
      12.3855   9.1431E-22
      12.4000   9.1250E-22
      12.5000   9.0000E-22
      12.9000   1.0257E-21
      13.0000   1.0571E-21
      13.5000   1.2143E-21
      13.6241   1.2533E-21
      14.0000   1.3714E-21
      14.9865   1.6815E-21
      15.0000   1.6857E-21
      15.4000   1.8114E-21
      15.5000   1.8429E-21
      15.6000   1.8743E-21
      15.7984   1.9366E-21
      16.0000   2.0000E-21
      16.4851   2.1213E-21
      16.6000   2.1500E-21
      17.0000   2.2500E-21
      18.0000   2.5000E-21
      18.1336   2.5334E-21
      19.0000   2.7500E-21
      19.5000   2.8750E-21
      19.9470   2.9867E-21
      20.0000   3.0000E-21
      21.0000   3.2200E-21
      21.0646   3.2342E-21
      21.9417   3.4272E-21
      22.0000   3.4400E-21
      23.0000   3.6600E-21
      24.0000   3.8800E-21
      24.1359   3.9099E-21
      25.0000   4.1000E-21
      26.0000   4.1800E-21
      26.5494   4.2240E-21
      27.0000   4.2600E-21
      28.0000   4.3400E-21
      28.1305   4.3504E-21
      29.0000   4.4200E-21
      29.2044   4.4364E-21
      30.0000   4.5000E-21
      31.0000   4.5300E-21
      32.0000   4.5600E-21
      32.1248   4.5637E-21
      33.0000   4.5900E-21
      34.0000   4.6200E-21
      35.0000   4.6500E-21
      35.3373   4.6601E-21
      36.0000   4.6800E-21
      37.0000   4.7100E-21
      37.4629   4.7239E-21
      38.0000   4.7400E-21
      39.0000   4.7700E-21
      40.0000   4.8000E-21
      41.0000   4.7900E-21
      42.0000   4.7800E-21
      43.0000   4.7700E-21
      44.0000   4.7600E-21
      45.0000   4.7500E-21
      46.0000   4.7400E-21
      47.0000   4.7300E-21
      48.0000   4.7200E-21
      49.0000   4.7100E-21
      49.9950   4.7001E-21
      50.0000   4.7000E-21
      51.0000   4.6750E-21
      52.0000   4.6500E-21
      53.0000   4.6250E-21
      53.0060   4.6249E-21
      54.0000   4.6000E-21
      55.0000   4.5750E-21
      56.0000   4.5500E-21
      57.0000   4.5250E-21
      58.0000   4.5000E-21
      59.0000   4.4750E-21
      60.0000   4.4500E-21
      61.0000   4.4250E-21
      62.0000   4.4000E-21
      63.0000   4.3750E-21
      64.0000   4.3500E-21
      65.0000   4.3250E-21
      66.0000   4.3000E-21
      66.6600   4.2835E-21
      67.0000   4.2750E-21
      68.0000   4.2500E-21
      69.0000   4.2250E-21
      70.0000   4.2000E-21
      71.0000   4.1867E-21
      72.0000   4.1733E-21
      73.0000   4.1600E-21
      74.0000   4.1467E-21
      75.0000   4.1333E-21
      76.0000   4.1200E-21
      77.0000   4.1067E-21
      78.0000   4.0933E-21
      79.0000   4.0800E-21
      79.5089   4.0732E-21
      80.0000   4.0667E-21
      81.0000   4.0533E-21
      82.0000   4.0400E-21
      83.0000   4.0267E-21
      84.0000   4.0133E-21
      85.0000   4.0000E-21
      86.0000   3.9867E-21
      87.0000   3.9733E-21
      88.0000   3.9600E-21
      88.9244   3.9477E-21
      89.0000   3.9467E-21
      90.0000   3.9333E-21
      91.0000   3.9200E-21
      92.0000   3.9067E-21
      93.0000   3.8933E-21
      94.0000   3.8800E-21
      95.0000   3.8667E-21
      96.0000   3.8533E-21
      97.0000   3.8400E-21
      98.0000   3.8267E-21
      99.0000   3.8133E-21
     100.0000   3.8000E-21
     101.0000   3.7880E-21
     118.5215   3.5777E-21
     119.2634   3.5688E-21
     125.0000   3.5000E-21
     150.0000   3.2000E-21
     157.9842   3.1361E-21
     178.8951   2.9688E-21
     200.0000   2.8000E-21
     210.6456   2.7468E-21
     268.3427   2.4583E-21
     280.6386   2.3968E-21
     300.0000   2.3000E-21
     374.6292   2.0761E-21
     400.0000   2.0000E-21
     402.5140   1.9925E-21
     499.9500   1.7002E-21
     500.0000   1.7000E-21
     600.0000   1.5250E-21
     603.7711   1.5184E-21
     666.6000   1.4084E-21
     700.0000   1.3500E-21
     800.0000   1.2333E-21
     889.2444   1.1292E-21
     900.0000   1.1167E-21
     905.6568   1.1101E-21
    1000.0000   1.0000E-21
    1185.2148   9.0739E-22
    1358.4848   8.2076E-22
    1500.0000   7.5000E-22
    1580.5086   7.2585E-22
    2000.0000   6.0000E-22
    2037.7275   5.9396E-22
    2107.7892   5.8275E-22
    2811.0522   4.7023E-22
    3000.0000   4.4000E-22
    3056.5910   4.3576E-22
    3748.2918   3.8388E-22
    4584.8861   3.2113E-22
    4998.8334   2.9009E-22
    5000.0000   2.9000E-22
    6666.0000   2.2336E-22
    6877.3322   2.1491E-22
    7000.0000   2.1000E-22
   10000.0000   1.6000E-22
 1000000.0000   1.6000E-22
  
       0.0000   0.0000E+00
       0.0010   0.0000E+00
       0.0020   0.0000E+00
       0.0030   0.0000E+00
       0.0050   0.0000E+00
       0.0067   0.0000E+00
       0.0070   0.0000E+00
       0.0085   0.0000E+00
       0.0100   0.0000E+00
       0.0150   0.0000E+00
       0.0200   0.0000E+00
       0.0267   0.0000E+00
       0.0300   0.0000E+00
       0.0400   0.0000E+00
       0.0440   0.0000E+00
       0.0470   0.0000E+00
       0.0500   0.0000E+00
       0.0550   0.0000E+00
       0.0600   0.0000E+00
       0.0667   0.0000E+00
       0.0700   0.0000E+00
       0.0730   0.0000E+00
       0.0750   0.0000E+00
       0.0800   0.0000E+00
       0.0850   0.0000E+00
       0.0889   0.0000E+00
       0.0900   0.0000E+00
       0.1000   0.0000E+00
       0.1100   0.0000E+00
       0.1185   0.0000E+00
       0.1200   0.0000E+00
       0.1500   0.0000E+00
       0.1580   0.0000E+00
       0.1700   0.0000E+00
       0.2000   0.0000E+00
       0.2106   0.0000E+00
       0.2500   0.0000E+00
       0.2806   0.0000E+00
       0.3000   0.0000E+00
       0.3500   0.0000E+00
       0.3746   0.0000E+00
       0.4000   0.0000E+00
       0.5000   0.0000E+00
       0.5000   0.0000E+00
       0.5160   0.0000E+00
       0.6000   0.0000E+00
       0.6666   0.0000E+00
       0.7000   0.0000E+00
       0.7540   0.0000E+00
       0.8000   0.0000E+00
       0.8892   0.0000E+00
       0.9000   0.0000E+00
       1.0000   0.0000E+00
       1.1852   0.0000E+00
       1.2000   0.0000E+00
       1.3000   0.0000E+00
       1.4000   0.0000E+00
       1.4532   0.0000E+00
       1.5000   0.0000E+00
       1.5215   0.0000E+00
       1.5798   0.0000E+00
       1.6737   0.0000E+00
       1.7000   0.0000E+00
       1.8000   0.0000E+00
       1.8410   0.0000E+00
       1.9000   0.0000E+00
       2.0000   0.0000E+00
       2.0251   0.0000E+00
       2.1000   0.0000E+00
       2.1065   0.0000E+00
       2.1500   0.0000E+00
       2.2000   0.0000E+00
       2.2276   0.0000E+00
       2.3000   0.0000E+00
       2.4504   0.0000E+00
       2.5000   0.0000E+00
       2.6954   0.0000E+00
       2.7000   0.0000E+00
       2.8000   0.0000E+00
       2.8131   0.0000E+00
       2.9650   0.0000E+00
       3.0000   0.0000E+00
       3.2615   0.0000E+00
       3.3000   0.0000E+00
       3.5876   0.0000E+00
       3.6000   0.0000E+00
       3.7000   0.0000E+00
       3.7463   0.0000E+00
       3.9464   0.0000E+00
       4.0000   0.0000E+00
       4.3410   0.0000E+00
       4.5000   0.0000E+00
       4.7752   0.0000E+00
       4.9995   0.0000E+00
       5.0000   0.0000E+00
       5.2527   0.0000E+00
       5.7779   0.0000E+00
       6.0000   0.0000E+00
       6.3557   0.0000E+00
       6.6660   0.0000E+00
       6.9913   0.0000E+00
       7.0000   0.0000E+00
       7.6904   0.0000E+00
       8.0000   0.0000E+00
       8.4595   0.0000E+00
       8.8924   0.0000E+00
       8.9000   0.0000E+00
       9.0000   0.0000E+00
       9.3054   0.0000E+00
      10.0000   0.0000E+00
      10.2360   0.0000E+00
      11.0000   0.0000E+00
      11.2596   0.0000E+00
      11.3000   0.0000E+00
      11.7000   0.0000E+00
      11.7500   0.0000E+00
      11.8000   3.0769E-22
      11.8521   6.2860E-22
      11.8800   8.0000E-22
      12.0000   9.9459E-22
      12.2500   1.4000E-21
      12.3855   1.3583E-21
      12.4000   1.3538E-21
      12.5000   1.3231E-21
      12.9000   1.2000E-21
      13.0000   1.2333E-21
      13.5000   1.4000E-21
      13.6241   1.4372E-21
      14.0000   1.5500E-21
      14.9865   1.8459E-21
      15.0000   1.8500E-21
      15.4000   1.9700E-21
      15.5000   2.0000E-21
      15.6000   1.9822E-21
      15.7984   1.9469E-21
      16.0000   1.9111E-21
      16.4851   1.8249E-21
      16.6000   1.8044E-21
      17.0000   1.7333E-21
      18.0000   1.5556E-21
      18.1336   1.5318E-21
      19.0000   1.3778E-21
      19.5000   1.2889E-21
      19.9470   1.2094E-21
      20.0000   1.2000E-21
      21.0000   1.1040E-21
      21.0646   1.0978E-21
      21.9417   1.0136E-21
      22.0000   1.0080E-21
      23.0000   9.1200E-22
      24.0000   8.1600E-22
      24.1359   8.0296E-22
      25.0000   7.2000E-22
      26.0000   6.6200E-22
      26.5494   6.3013E-22
      27.0000   6.0400E-22
      28.0000   5.4600E-22
      28.1305   5.3843E-22
      29.0000   4.8800E-22
      29.2044   4.7615E-22
      30.0000   4.3000E-22
      31.0000   4.0400E-22
      32.0000   3.7800E-22
      32.1248   3.7475E-22
      33.0000   3.5200E-22
      34.0000   3.2600E-22
      35.0000   3.0000E-22
      35.3373   2.9325E-22
      36.0000   2.8000E-22
      37.0000   2.6000E-22
      37.4629   2.5074E-22
      38.0000   2.4000E-22
      39.0000   2.2000E-22
      40.0000   2.0000E-22
      41.0000   1.9040E-22
      42.0000   1.8080E-22
      43.0000   1.7120E-22
      44.0000   1.6160E-22
      45.0000   1.5200E-22
      46.0000   1.4240E-22
      47.0000   1.3280E-22
      48.0000   1.2320E-22
      49.0000   1.1360E-22
      49.9950   1.0405E-22
      50.0000   1.0400E-22
      51.0000   1.0060E-22
      52.0000   9.7200E-23
      53.0000   9.3800E-23
      53.0060   9.3780E-23
      54.0000   9.0400E-23
      55.0000   8.7000E-23
      56.0000   8.3600E-23
      57.0000   8.0200E-23
      58.0000   7.6800E-23
      59.0000   7.3400E-23
      60.0000   7.0000E-23
      61.0000   6.7000E-23
      62.0000   6.4000E-23
      63.0000   6.1000E-23
      64.0000   5.8000E-23
      65.0000   5.5000E-23
      66.0000   5.2000E-23
      66.6600   5.0020E-23
      67.0000   4.9000E-23
      68.0000   4.6000E-23
      69.0000   4.3000E-23
      70.0000   4.0000E-23
      71.0000   3.9133E-23
      72.0000   3.8267E-23
      73.0000   3.7400E-23
      74.0000   3.6533E-23
      75.0000   3.5667E-23
      76.0000   3.4800E-23
      77.0000   3.3933E-23
      78.0000   3.3067E-23
      79.0000   3.2200E-23
      79.5089   3.1759E-23
      80.0000   3.1333E-23
      81.0000   3.0467E-23
      82.0000   2.9600E-23
      83.0000   2.8733E-23
      84.0000   2.7867E-23
      85.0000   2.7000E-23
      86.0000   2.6133E-23
      87.0000   2.5267E-23
      88.0000   2.4400E-23
      88.9244   2.3599E-23
      89.0000   2.3533E-23
      90.0000   2.2667E-23
      91.0000   2.1800E-23
      92.0000   2.0933E-23
      93.0000   2.0067E-23
      94.0000   1.9200E-23
      95.0000   1.8333E-23
      96.0000   1.7467E-23
      97.0000   1.6600E-23
      98.0000   1.5733E-23
      99.0000   1.4867E-23
     100.0000   1.4000E-23
     101.0000   1.3720E-23
     118.5215   8.8140E-24
     119.2634   8.6062E-24
     125.0000   7.0000E-24
     150.0000   0.0000E+00
     157.9842   0.0000E+00
     178.8951   0.0000E+00
     200.0000   0.0000E+00
     210.6456   0.0000E+00
     268.3427   0.0000E+00
     280.6386   0.0000E+00
     300.0000   0.0000E+00
     374.6292   0.0000E+00
     400.0000   0.0000E+00
     402.5140   0.0000E+00
     499.9500   0.0000E+00
     500.0000   0.0000E+00
     600.0000   0.0000E+00
     603.7711   0.0000E+00
     666.6000   0.0000E+00
     700.0000   0.0000E+00
     800.0000   0.0000E+00
     889.2444   0.0000E+00
     900.0000   0.0000E+00
     905.6568   0.0000E+00
    1000.0000   0.0000E+00
    1185.2148   0.0000E+00
    1358.4848   0.0000E+00
    1500.0000   0.0000E+00
    1580.5086   0.0000E+00
    2000.0000   0.0000E+00
    2037.7275   0.0000E+00
    2107.7892   0.0000E+00
    2811.0522   0.0000E+00
    3000.0000   0.0000E+00
    3056.5910   0.0000E+00
    3748.2918   0.0000E+00
    4584.8861   0.0000E+00
    4998.8334   0.0000E+00
    5000.0000   0.0000E+00
    6666.0000   0.0000E+00
    6877.3322   0.0000E+00
    7000.0000   0.0000E+00
   10000.0000   0.0000E+00
 1000000.0000   0.0000E+00
  
       0.0000   0.0000E+00
       0.0010   0.0000E+00
       0.0020   0.0000E+00
       0.0030   0.0000E+00
       0.0050   0.0000E+00
       0.0067   0.0000E+00
       0.0070   0.0000E+00
       0.0085   0.0000E+00
       0.0100   0.0000E+00
       0.0150   0.0000E+00
       0.0200   0.0000E+00
       0.0267   0.0000E+00
       0.0300   0.0000E+00
       0.0400   0.0000E+00
       0.0440   0.0000E+00
       0.0470   0.0000E+00
       0.0500   0.0000E+00
       0.0550   0.0000E+00
       0.0600   0.0000E+00
       0.0667   0.0000E+00
       0.0700   0.0000E+00
       0.0730   0.0000E+00
       0.0750   0.0000E+00
       0.0800   0.0000E+00
       0.0850   0.0000E+00
       0.0889   0.0000E+00
       0.0900   0.0000E+00
       0.1000   0.0000E+00
       0.1100   0.0000E+00
       0.1185   0.0000E+00
       0.1200   0.0000E+00
       0.1500   0.0000E+00
       0.1580   0.0000E+00
       0.1700   0.0000E+00
       0.2000   0.0000E+00
       0.2106   0.0000E+00
       0.2500   0.0000E+00
       0.2806   0.0000E+00
       0.3000   0.0000E+00
       0.3500   0.0000E+00
       0.3746   0.0000E+00
       0.4000   0.0000E+00
       0.5000   0.0000E+00
       0.5000   0.0000E+00
       0.5160   0.0000E+00
       0.6000   0.0000E+00
       0.6666   0.0000E+00
       0.7000   0.0000E+00
       0.7540   0.0000E+00
       0.8000   0.0000E+00
       0.8892   0.0000E+00
       0.9000   0.0000E+00
       1.0000   0.0000E+00
       1.1852   0.0000E+00
       1.2000   0.0000E+00
       1.3000   0.0000E+00
       1.4000   0.0000E+00
       1.4532   0.0000E+00
       1.5000   0.0000E+00
       1.5215   0.0000E+00
       1.5798   0.0000E+00
       1.6737   0.0000E+00
       1.7000   0.0000E+00
       1.8000   0.0000E+00
       1.8410   0.0000E+00
       1.9000   0.0000E+00
       2.0000   0.0000E+00
       2.0251   0.0000E+00
       2.1000   0.0000E+00
       2.1065   0.0000E+00
       2.1500   0.0000E+00
       2.2000   0.0000E+00
       2.2276   0.0000E+00
       2.3000   0.0000E+00
       2.4504   0.0000E+00
       2.5000   0.0000E+00
       2.6954   0.0000E+00
       2.7000   0.0000E+00
       2.8000   0.0000E+00
       2.8131   0.0000E+00
       2.9650   0.0000E+00
       3.0000   0.0000E+00
       3.2615   0.0000E+00
       3.3000   0.0000E+00
       3.5876   0.0000E+00
       3.6000   0.0000E+00
       3.7000   0.0000E+00
       3.7463   0.0000E+00
       3.9464   0.0000E+00
       4.0000   0.0000E+00
       4.3410   0.0000E+00
       4.5000   0.0000E+00
       4.7752   0.0000E+00
       4.9995   0.0000E+00
       5.0000   0.0000E+00
       5.2527   0.0000E+00
       5.7779   0.0000E+00
       6.0000   0.0000E+00
       6.3557   0.0000E+00
       6.6660   0.0000E+00
       6.9913   0.0000E+00
       7.0000   0.0000E+00
       7.6904   0.0000E+00
       8.0000   0.0000E+00
       8.4595   0.0000E+00
       8.8924   0.0000E+00
       8.9000   0.0000E+00
       9.0000   0.0000E+00
       9.3054   0.0000E+00
      10.0000   0.0000E+00
      10.2360   0.0000E+00
      11.0000   0.0000E+00
      11.2596   0.0000E+00
      11.3000   0.0000E+00
      11.7000   0.0000E+00
      11.7500   0.0000E+00
      11.8000   0.0000E+00
      11.8521   4.7802E-23
      11.8800   7.3333E-23
      12.0000   1.8333E-22
      12.2500   4.1250E-22
      12.3855   5.3672E-22
      12.4000   5.5000E-22
      12.5000   6.4167E-22
      12.9000   1.0083E-21
      13.0000   1.1000E-21
      13.5000   1.1500E-21
      13.6241   1.1624E-21
      14.0000   1.2000E-21
      14.9865   1.2197E-21
      15.0000   1.2200E-21
      15.4000   1.2160E-21
      15.5000   1.2150E-21
      15.6000   1.2140E-21
      15.7984   1.2120E-21
      16.0000   1.2100E-21
      16.4851   1.1857E-21
      16.6000   1.1800E-21
      17.0000   1.1600E-21
      18.0000   1.0567E-21
      18.1336   1.0429E-21
      19.0000   9.5333E-22
      19.5000   9.0167E-22
      19.9470   8.5548E-22
      20.0000   8.5000E-22
      21.0000   7.9000E-22
      21.0646   7.8613E-22
      21.9417   7.3350E-22
      22.0000   7.3000E-22
      23.0000   6.7000E-22
      24.0000   6.1000E-22
      24.1359   6.0185E-22
      25.0000   5.5000E-22
      26.0000   5.1000E-22
      26.5494   4.8802E-22
      27.0000   4.7000E-22
      28.0000   4.3000E-22
      28.1305   4.2478E-22
      29.0000   3.9000E-22
      29.2044   3.8182E-22
      30.0000   3.5000E-22
      31.0000   3.3650E-22
      32.0000   3.2300E-22
      32.1248   3.2131E-22
      33.0000   3.0950E-22
      34.0000   2.9600E-22
      35.0000   2.8250E-22
      35.3373   2.7795E-22
      36.0000   2.6900E-22
      37.0000   2.5550E-22
      37.4629   2.4925E-22
      38.0000   2.4200E-22
      39.0000   2.2850E-22
      40.0000   2.1500E-22
      41.0000   2.0150E-22
      42.0000   1.8800E-22
      43.0000   1.7450E-22
      44.0000   1.6100E-22
      45.0000   1.4750E-22
      46.0000   1.3400E-22
      47.0000   1.2050E-22
      48.0000   1.0700E-22
      49.0000   9.3500E-23
      49.9950   8.0067E-23
      50.0000   8.0000E-23
      51.0000   7.6000E-23
      52.0000   7.2000E-23
      53.0000   6.8000E-23
      53.0060   6.7976E-23
      54.0000   6.4000E-23
      55.0000   6.0000E-23
      56.0000   5.6000E-23
      57.0000   5.2000E-23
      58.0000   4.8000E-23
      59.0000   4.4000E-23
      60.0000   4.0000E-23
      61.0000   3.6000E-23
      62.0000   3.2000E-23
      63.0000   2.8000E-23
      64.0000   2.4000E-23
      65.0000   2.0000E-23
      66.0000   1.6000E-23
      66.6600   1.3360E-23
      67.0000   1.2000E-23
      68.0000   8.0000E-24
      69.0000   4.0000E-24
      70.0000   0.0000E+00
      71.0000   0.0000E+00
      72.0000   0.0000E+00
      73.0000   0.0000E+00
      74.0000   0.0000E+00
      75.0000   0.0000E+00
      76.0000   0.0000E+00
      77.0000   0.0000E+00
      78.0000   0.0000E+00
      79.0000   0.0000E+00
      79.5089   0.0000E+00
      80.0000   0.0000E+00
      81.0000   0.0000E+00
      82.0000   0.0000E+00
      83.0000   0.0000E+00
      84.0000   0.0000E+00
      85.0000   0.0000E+00
      86.0000   0.0000E+00
      87.0000   0.0000E+00
      88.0000   0.0000E+00
      88.9244   0.0000E+00
      89.0000   0.0000E+00
      90.0000   0.0000E+00
      91.0000   0.0000E+00
      92.0000   0.0000E+00
      93.0000   0.0000E+00
      94.0000   0.0000E+00
      95.0000   0.0000E+00
      96.0000   0.0000E+00
      97.0000   0.0000E+00
      98.0000   0.0000E+00
      99.0000   0.0000E+00
     100.0000   0.0000E+00
     101.0000   0.0000E+00
     118.5215   0.0000E+00
     119.2634   0.0000E+00
     125.0000   0.0000E+00
     150.0000   0.0000E+00
     157.9842   0.0000E+00
     178.8951   0.0000E+00
     200.0000   0.0000E+00
     210.6456   0.0000E+00
     268.3427   0.0000E+00
     280.6386   0.0000E+00
     300.0000   0.0000E+00
     374.6292   0.0000E+00
     400.0000   0.0000E+00
     402.5140   0.0000E+00
     499.9500   0.0000E+00
     500.0000   0.0000E+00
     600.0000   0.0000E+00
     603.7711   0.0000E+00
     666.6000   0.0000E+00
     700.0000   0.0000E+00
     800.0000   0.0000E+00
     889.2444   0.0000E+00
     900.0000   0.0000E+00
     905.6568   0.0000E+00
    1000.0000   0.0000E+00
    1185.2148   0.0000E+00
    1358.4848   0.0000E+00
    1500.0000   0.0000E+00
    1580.5086   0.0000E+00
    2000.0000   0.0000E+00
    2037.7275   0.0000E+00
    2107.7892   0.0000E+00
    2811.0522   0.0000E+00
    3000.0000   0.0000E+00
    3056.5910   0.0000E+00
    3748.2918   0.0000E+00
    4584.8861   0.0000E+00
    4998.8334   0.0000E+00
    5000.0000   0.0000E+00
    6666.0000   0.0000E+00
    6877.3322   0.0000E+00
    7000.0000   0.0000E+00
   10000.0000   0.0000E+00
 1000000.0000   0.0000E+00
  
       0.0000   0.0000E+00
       0.0010   0.0000E+00
       0.0020   0.0000E+00
       0.0030   0.0000E+00
       0.0050   0.0000E+00
       0.0067   0.0000E+00
       0.0070   0.0000E+00
       0.0085   0.0000E+00
       0.0100   0.0000E+00
       0.0150   0.0000E+00
       0.0200   0.0000E+00
       0.0267   0.0000E+00
       0.0300   0.0000E+00
       0.0400   0.0000E+00
       0.0440   0.0000E+00
       0.0470   0.0000E+00
       0.0500   0.0000E+00
       0.0550   0.0000E+00
       0.0600   0.0000E+00
       0.0667   0.0000E+00
       0.0700   0.0000E+00
       0.0730   0.0000E+00
       0.0750   0.0000E+00
       0.0800   0.0000E+00
       0.0850   0.0000E+00
       0.0889   0.0000E+00
       0.0900   0.0000E+00
       0.1000   0.0000E+00
       0.1100   0.0000E+00
       0.1185   0.0000E+00
       0.1200   0.0000E+00
       0.1500   0.0000E+00
       0.1580   0.0000E+00
       0.1700   0.0000E+00
       0.2000   0.0000E+00
       0.2106   0.0000E+00
       0.2500   0.0000E+00
       0.2806   0.0000E+00
       0.3000   0.0000E+00
       0.3500   0.0000E+00
       0.3746   0.0000E+00
       0.4000   0.0000E+00
       0.5000   0.0000E+00
       0.5000   0.0000E+00
       0.5160   0.0000E+00
       0.6000   0.0000E+00
       0.6666   0.0000E+00
       0.7000   0.0000E+00
       0.7540   0.0000E+00
       0.8000   0.0000E+00
       0.8892   0.0000E+00
       0.9000   0.0000E+00
       1.0000   0.0000E+00
       1.1852   0.0000E+00
       1.2000   0.0000E+00
       1.3000   0.0000E+00
       1.4000   0.0000E+00
       1.4532   0.0000E+00
       1.5000   0.0000E+00
       1.5215   0.0000E+00
       1.5798   0.0000E+00
       1.6737   0.0000E+00
       1.7000   0.0000E+00
       1.8000   0.0000E+00
       1.8410   0.0000E+00
       1.9000   0.0000E+00
       2.0000   0.0000E+00
       2.0251   0.0000E+00
       2.1000   0.0000E+00
       2.1065   0.0000E+00
       2.1500   0.0000E+00
       2.2000   0.0000E+00
       2.2276   0.0000E+00
       2.3000   0.0000E+00
       2.4504   0.0000E+00
       2.5000   0.0000E+00
       2.6954   0.0000E+00
       2.7000   0.0000E+00
       2.8000   0.0000E+00
       2.8131   0.0000E+00
       2.9650   0.0000E+00
       3.0000   0.0000E+00
       3.2615   0.0000E+00
       3.3000   0.0000E+00
       3.5876   0.0000E+00
       3.6000   0.0000E+00
       3.7000   0.0000E+00
       3.7463   0.0000E+00
       3.9464   0.0000E+00
       4.0000   0.0000E+00
       4.3410   0.0000E+00
       4.5000   0.0000E+00
       4.7752   0.0000E+00
       4.9995   0.0000E+00
       5.0000   0.0000E+00
       5.2527   0.0000E+00
       5.7779   0.0000E+00
       6.0000   0.0000E+00
       6.3557   0.0000E+00
       6.6660   0.0000E+00
       6.9913   0.0000E+00
       7.0000   0.0000E+00
       7.6904   0.0000E+00
       8.0000   0.0000E+00
       8.4595   0.0000E+00
       8.8924   0.0000E+00
       8.9000   0.0000E+00
       9.0000   0.0000E+00
       9.3054   0.0000E+00
      10.0000   0.0000E+00
      10.2360   0.0000E+00
      11.0000   0.0000E+00
      11.2596   0.0000E+00
      11.3000   0.0000E+00
      11.7000   0.0000E+00
      11.7500   0.0000E+00
      11.8000   0.0000E+00
      11.8521   0.0000E+00
      11.8800   0.0000E+00
      12.0000   0.0000E+00
      12.2500   0.0000E+00
      12.3855   0.0000E+00
      12.4000   0.0000E+00
      12.5000   5.0000E-23
      12.9000   2.5000E-22
      13.0000   3.0000E-22
      13.5000   6.5000E-22
      13.6241   7.3684E-22
      14.0000   1.0000E-21
      14.9865   1.3946E-21
      15.0000   1.4000E-21
      15.4000   1.5600E-21
      15.5000   1.6000E-21
      15.6000   1.6400E-21
      15.7984   1.7194E-21
      16.0000   1.8000E-21
      16.4851   1.9213E-21
      16.6000   1.9500E-21
      17.0000   2.0500E-21
      18.0000   2.3000E-21
      18.1336   2.3301E-21
      19.0000   2.5250E-21
      19.5000   2.6375E-21
      19.9470   2.7381E-21
      20.0000   2.7500E-21
      21.0000   2.9750E-21
      21.0646   2.9895E-21
      21.9417   3.1869E-21
      22.0000   3.2000E-21
      23.0000   3.2875E-21
      24.0000   3.3750E-21
      24.1359   3.3869E-21
      25.0000   3.4625E-21
      26.0000   3.5500E-21
      26.5494   3.5981E-21
      27.0000   3.6375E-21
      28.0000   3.7250E-21
      28.1305   3.7364E-21
      29.0000   3.8125E-21
      29.2044   3.8304E-21
      30.0000   3.9000E-21
      31.0000   3.9100E-21
      32.0000   3.9200E-21
      32.1248   3.9212E-21
      33.0000   3.9300E-21
      34.0000   3.9400E-21
      35.0000   3.9500E-21
      35.3373   3.9534E-21
      36.0000   3.9600E-21
      37.0000   3.9700E-21
      37.4629   3.9746E-21
      38.0000   3.9800E-21
      39.0000   3.9900E-21
      40.0000   4.0000E-21
      41.0000   4.0000E-21
      42.0000   4.0000E-21
      43.0000   4.0000E-21
      44.0000   4.0000E-21
      45.0000   4.0000E-21
      46.0000   4.0000E-21
      47.0000   4.0000E-21
      48.0000   4.0000E-21
      49.0000   4.0000E-21
      49.9950   4.0000E-21
      50.0000   4.0000E-21
      51.0000   4.0000E-21
      52.0000   4.0000E-21
      53.0000   4.0000E-21
      53.0060   4.0000E-21
      54.0000   4.0000E-21
      55.0000   4.0000E-21
      56.0000   4.0000E-21
      57.0000   4.0000E-21
      58.0000   4.0000E-21
      59.0000   4.0000E-21
      60.0000   4.0000E-21
      61.0000   3.9900E-21
      62.0000   3.9800E-21
      63.0000   3.9700E-21
      64.0000   3.9600E-21
      65.0000   3.9500E-21
      66.0000   3.9400E-21
      66.6600   3.9334E-21
      67.0000   3.9300E-21
      68.0000   3.9200E-21
      69.0000   3.9100E-21
      70.0000   3.9000E-21
      71.0000   3.8900E-21
      72.0000   3.8800E-21
      73.0000   3.8700E-21
      74.0000   3.8600E-21
      75.0000   3.8500E-21
      76.0000   3.8400E-21
      77.0000   3.8300E-21
      78.0000   3.8200E-21
      79.0000   3.8100E-21
      79.5089   3.8049E-21
      80.0000   3.8000E-21
      81.0000   3.7900E-21
      82.0000   3.7800E-21
      83.0000   3.7700E-21
      84.0000   3.7600E-21
      85.0000   3.7500E-21
      86.0000   3.7400E-21
      87.0000   3.7300E-21
      88.0000   3.7200E-21
      88.9244   3.7108E-21
      89.0000   3.7100E-21
      90.0000   3.7000E-21
      91.0000   3.6900E-21
      92.0000   3.6800E-21
      93.0000   3.6700E-21
      94.0000   3.6600E-21
      95.0000   3.6500E-21
      96.0000   3.6400E-21
      97.0000   3.6300E-21
      98.0000   3.6200E-21
      99.0000   3.6100E-21
     100.0000   3.6000E-21
     101.0000   3.5880E-21
     118.5215   3.3777E-21
     119.2634   3.3688E-21
     125.0000   3.3000E-21
     150.0000   3.0000E-21
     157.9842   2.9361E-21
     178.8951   2.7688E-21
     200.0000   2.6000E-21
     210.6456   2.5468E-21
     268.3427   2.2583E-21
     280.6386   2.1968E-21
     300.0000   2.1000E-21
     374.6292   1.9134E-21
     400.0000   1.8500E-21
     402.5140   1.8437E-21
     499.9500   1.6001E-21
     500.0000   1.6000E-21
     600.0000   1.4000E-21
     603.7711   1.3925E-21
     666.6000   1.2668E-21
     700.0000   1.2000E-21
     800.0000   1.1000E-21
     889.2444   1.0108E-21
     900.0000   1.0000E-21
     905.6568   9.9434E-22
    1000.0000   9.0000E-22
    1185.2148   8.1110E-22
    1358.4848   7.2793E-22
    1500.0000   6.6000E-22
    1580.5086   6.3907E-22
    2000.0000   5.3000E-22
    2037.7275   5.2434E-22
    2107.7892   5.1383E-22
    2811.0522   4.0834E-22
    3000.0000   3.8000E-22
    3056.5910   3.7632E-22
    3748.2918   3.3136E-22
    4584.8861   2.7698E-22
    4998.8334   2.5008E-22
    5000.0000   2.5000E-22
    6666.0000   2.0002E-22
    6877.3322   1.9368E-22
    7000.0000   1.9000E-22
   10000.0000   1.4000E-22
 1000000.0000   1.4000E-22
  
       0.0000   0.0000E+00
       0.0010   0.0000E+00
       0.0020   0.0000E+00
       0.0030   0.0000E+00
       0.0050   0.0000E+00
       0.0067   0.0000E+00
       0.0070   0.0000E+00
       0.0085   0.0000E+00
       0.0100   0.0000E+00
       0.0150   0.0000E+00
       0.0200   0.0000E+00
       0.0267   0.0000E+00
       0.0300   0.0000E+00
       0.0400   0.0000E+00
       0.0440   0.0000E+00
       0.0470   0.0000E+00
       0.0500   0.0000E+00
       0.0550   0.0000E+00
       0.0600   0.0000E+00
       0.0667   0.0000E+00
       0.0700   0.0000E+00
       0.0730   0.0000E+00
       0.0750   0.0000E+00
       0.0800   0.0000E+00
       0.0850   0.0000E+00
       0.0889   0.0000E+00
       0.0900   0.0000E+00
       0.1000   0.0000E+00
       0.1100   0.0000E+00
       0.1185   0.0000E+00
       0.1200   0.0000E+00
       0.1500   0.0000E+00
       0.1580   0.0000E+00
       0.1700   0.0000E+00
       0.2000   0.0000E+00
       0.2106   0.0000E+00
       0.2500   0.0000E+00
       0.2806   0.0000E+00
       0.3000   0.0000E+00
       0.3500   0.0000E+00
       0.3746   0.0000E+00
       0.4000   0.0000E+00
       0.5000   0.0000E+00
       0.5000   0.0000E+00
       0.5160   0.0000E+00
       0.6000   0.0000E+00
       0.6666   0.0000E+00
       0.7000   0.0000E+00
       0.7540   0.0000E+00
       0.8000   0.0000E+00
       0.8892   0.0000E+00
       0.9000   0.0000E+00
       1.0000   0.0000E+00
       1.1852   0.0000E+00
       1.2000   0.0000E+00
       1.3000   0.0000E+00
       1.4000   0.0000E+00
       1.4532   0.0000E+00
       1.5000   0.0000E+00
       1.5215   0.0000E+00
       1.5798   0.0000E+00
       1.6737   0.0000E+00
       1.7000   0.0000E+00
       1.8000   0.0000E+00
       1.8410   0.0000E+00
       1.9000   0.0000E+00
       2.0000   0.0000E+00
       2.0251   0.0000E+00
       2.1000   0.0000E+00
       2.1065   0.0000E+00
       2.1500   0.0000E+00
       2.2000   0.0000E+00
       2.2276   0.0000E+00
       2.3000   0.0000E+00
       2.4504   0.0000E+00
       2.5000   0.0000E+00
       2.6954   0.0000E+00
       2.7000   0.0000E+00
       2.8000   0.0000E+00
       2.8131   0.0000E+00
       2.9650   0.0000E+00
       3.0000   0.0000E+00
       3.2615   0.0000E+00
       3.3000   0.0000E+00
       3.5876   0.0000E+00
       3.6000   0.0000E+00
       3.7000   0.0000E+00
       3.7463   0.0000E+00
       3.9464   0.0000E+00
       4.0000   0.0000E+00
       4.3410   0.0000E+00
       4.5000   0.0000E+00
       4.7752   0.0000E+00
       4.9995   0.0000E+00
       5.0000   0.0000E+00
       5.2527   0.0000E+00
       5.7779   0.0000E+00
       6.0000   0.0000E+00
       6.3557   0.0000E+00
       6.6660   0.0000E+00
       6.9913   0.0000E+00
       7.0000   0.0000E+00
       7.6904   0.0000E+00
       8.0000   0.0000E+00
       8.4595   0.0000E+00
       8.8924   0.0000E+00
       8.9000   0.0000E+00
       9.0000   0.0000E+00
       9.3054   0.0000E+00
      10.0000   0.0000E+00
      10.2360   0.0000E+00
      11.0000   0.0000E+00
      11.2596   0.0000E+00
      11.3000   0.0000E+00
      11.7000   0.0000E+00
      11.7500   0.0000E+00
      11.8000   0.0000E+00
      11.8521   0.0000E+00
      11.8800   0.0000E+00
      12.0000   0.0000E+00
      12.2500   0.0000E+00
      12.3855   0.0000E+00
      12.4000   0.0000E+00
      12.5000   0.0000E+00
      12.9000   0.0000E+00
      13.0000   0.0000E+00
      13.5000   0.0000E+00
      13.6241   0.0000E+00
      14.0000   0.0000E+00
      14.9865   2.5278E-22
      15.0000   2.5625E-22
      15.4000   3.5875E-22
      15.5000   3.8438E-22
      15.6000   4.1000E-22
      15.7984   4.0549E-22
      16.0000   4.0091E-22
      16.4851   3.8988E-22
      16.6000   3.8727E-22
      17.0000   3.7818E-22
      18.0000   3.5545E-22
      18.1336   3.5242E-22
      19.0000   3.3273E-22
      19.5000   3.2136E-22
      19.9470   3.1120E-22
      20.0000   3.1000E-22
      21.0000   2.8800E-22
      21.0646   2.8658E-22
      21.9417   2.6728E-22
      22.0000   2.6600E-22
      23.0000   2.4400E-22
      24.0000   2.2200E-22
      24.1359   2.1901E-22
      25.0000   2.0000E-22
      26.0000   1.8400E-22
      26.5494   1.7521E-22
      27.0000   1.6800E-22
      28.0000   1.5200E-22
      28.1305   1.4991E-22
      29.0000   1.3600E-22
      29.2044   1.3273E-22
      30.0000   1.2000E-22
      31.0000   1.1330E-22
      32.0000   1.0660E-22
      32.1248   1.0576E-22
      33.0000   9.9900E-23
      34.0000   9.3200E-23
      35.0000   8.6500E-23
      35.3373   8.4240E-23
      36.0000   7.9800E-23
      37.0000   7.3100E-23
      37.4629   6.9998E-23
      38.0000   6.6400E-23
      39.0000   5.9700E-23
      40.0000   5.3000E-23
      41.0000   5.0500E-23
      42.0000   4.8000E-23
      43.0000   4.5500E-23
      44.0000   4.3000E-23
      45.0000   4.0500E-23
      46.0000   3.8000E-23
      47.0000   3.5500E-23
      48.0000   3.3000E-23
      49.0000   3.0500E-23
      49.9950   2.8013E-23
      50.0000   2.8000E-23
      51.0000   2.7100E-23
      52.0000   2.6200E-23
      53.0000   2.5300E-23
      53.0060   2.5295E-23
      54.0000   2.4400E-23
      55.0000   2.3500E-23
      56.0000   2.2600E-23
      57.0000   2.1700E-23
      58.0000   2.0800E-23
      59.0000   1.9900E-23
      60.0000   1.9000E-23
      61.0000   1.8100E-23
      62.0000   1.7200E-23
      63.0000   1.6300E-23
      64.0000   1.5400E-23
      65.0000   1.4500E-23
      66.0000   1.3600E-23
      66.6600   1.3006E-23
      67.0000   1.2700E-23
      68.0000   1.1800E-23
      69.0000   1.0900E-23
      70.0000   1.0000E-23
      71.0000   9.8000E-24
      72.0000   9.6000E-24
      73.0000   9.4000E-24
      74.0000   9.2000E-24
      75.0000   9.0000E-24
      76.0000   8.8000E-24
      77.0000   8.6000E-24
      78.0000   8.4000E-24
      79.0000   8.2000E-24
      79.5089   8.0982E-24
      80.0000   8.0000E-24
      81.0000   7.8000E-24
      82.0000   7.6000E-24
      83.0000   7.4000E-24
      84.0000   7.2000E-24
      85.0000   7.0000E-24
      86.0000   6.8000E-24
      87.0000   6.6000E-24
      88.0000   6.4000E-24
      88.9244   6.2151E-24
      89.0000   6.2000E-24
      90.0000   6.0000E-24
      91.0000   5.8000E-24
      92.0000   5.6000E-24
      93.0000   5.4000E-24
      94.0000   5.2000E-24
      95.0000   5.0000E-24
      96.0000   4.8000E-24
      97.0000   4.6000E-24
      98.0000   4.4000E-24
      99.0000   4.2000E-24
     100.0000   4.0000E-24
     101.0000   3.9200E-24
     118.5215   2.5183E-24
     119.2634   2.4589E-24
     125.0000   2.0000E-24
     150.0000   0.0000E+00
     157.9842   0.0000E+00
     178.8951   0.0000E+00
     200.0000   0.0000E+00
     210.6456   0.0000E+00
     268.3427   0.0000E+00
     280.6386   0.0000E+00
     300.0000   0.0000E+00
     374.6292   0.0000E+00
     400.0000   0.0000E+00
     402.5140   0.0000E+00
     499.9500   0.0000E+00
     500.0000   0.0000E+00
     600.0000   0.0000E+00
     603.7711   0.0000E+00
     666.6000   0.0000E+00
     700.0000   0.0000E+00
     800.0000   0.0000E+00
     889.2444   0.0000E+00
     900.0000   0.0000E+00
     905.6568   0.0000E+00
    1000.0000   0.0000E+00
    1185.2148   0.0000E+00
    1358.4848   0.0000E+00
    1500.0000   0.0000E+00
    1580.5086   0.0000E+00
    2000.0000   0.0000E+00
    2037.7275   0.0000E+00
    2107.7892   0.0000E+00
    2811.0522   0.0000E+00
    3000.0000   0.0000E+00
    3056.5910   0.0000E+00
    3748.2918   0.0000E+00
    4584.8861   0.0000E+00
    4998.8334   0.0000E+00
    5000.0000   0.0000E+00
    6666.0000   0.0000E+00
    6877.3322   0.0000E+00
    7000.0000   0.0000E+00
   10000.0000   0.0000E+00
 1000000.0000   0.0000E+00
  
       0.0000   0.0000E+00
       0.0010   0.0000E+00
       0.0020   0.0000E+00
       0.0030   0.0000E+00
       0.0050   0.0000E+00
       0.0067   0.0000E+00
       0.0070   0.0000E+00
       0.0085   0.0000E+00
       0.0100   0.0000E+00
       0.0150   0.0000E+00
       0.0200   0.0000E+00
       0.0267   0.0000E+00
       0.0300   0.0000E+00
       0.0400   0.0000E+00
       0.0440   0.0000E+00
       0.0470   0.0000E+00
       0.0500   0.0000E+00
       0.0550   0.0000E+00
       0.0600   0.0000E+00
       0.0667   0.0000E+00
       0.0700   0.0000E+00
       0.0730   0.0000E+00
       0.0750   0.0000E+00
       0.0800   0.0000E+00
       0.0850   0.0000E+00
       0.0889   0.0000E+00
       0.0900   0.0000E+00
       0.1000   0.0000E+00
       0.1100   0.0000E+00
       0.1185   0.0000E+00
       0.1200   0.0000E+00
       0.1500   0.0000E+00
       0.1580   0.0000E+00
       0.1700   0.0000E+00
       0.2000   0.0000E+00
       0.2106   0.0000E+00
       0.2500   0.0000E+00
       0.2806   0.0000E+00
       0.3000   0.0000E+00
       0.3500   0.0000E+00
       0.3746   0.0000E+00
       0.4000   0.0000E+00
       0.5000   0.0000E+00
       0.5000   0.0000E+00
       0.5160   0.0000E+00
       0.6000   0.0000E+00
       0.6666   0.0000E+00
       0.7000   0.0000E+00
       0.7540   0.0000E+00
       0.8000   0.0000E+00
       0.8892   0.0000E+00
       0.9000   0.0000E+00
       1.0000   0.0000E+00
       1.1852   0.0000E+00
       1.2000   0.0000E+00
       1.3000   0.0000E+00
       1.4000   0.0000E+00
       1.4532   0.0000E+00
       1.5000   0.0000E+00
       1.5215   0.0000E+00
       1.5798   0.0000E+00
       1.6737   0.0000E+00
       1.7000   0.0000E+00
       1.8000   0.0000E+00
       1.8410   0.0000E+00
       1.9000   0.0000E+00
       2.0000   0.0000E+00
       2.0251   0.0000E+00
       2.1000   0.0000E+00
       2.1065   0.0000E+00
       2.1500   0.0000E+00
       2.2000   0.0000E+00
       2.2276   0.0000E+00
       2.3000   0.0000E+00
       2.4504   0.0000E+00
       2.5000   0.0000E+00
       2.6954   0.0000E+00
       2.7000   0.0000E+00
       2.8000   0.0000E+00
       2.8131   0.0000E+00
       2.9650   0.0000E+00
       3.0000   0.0000E+00
       3.2615   0.0000E+00
       3.3000   0.0000E+00
       3.5876   0.0000E+00
       3.6000   0.0000E+00
       3.7000   0.0000E+00
       3.7463   0.0000E+00
       3.9464   0.0000E+00
       4.0000   0.0000E+00
       4.3410   0.0000E+00
       4.5000   0.0000E+00
       4.7752   0.0000E+00
       4.9995   0.0000E+00
       5.0000   0.0000E+00
       5.2527   0.0000E+00
       5.7779   0.0000E+00
       6.0000   0.0000E+00
       6.3557   0.0000E+00
       6.6660   0.0000E+00
       6.9913   0.0000E+00
       7.0000   0.0000E+00
       7.6904   0.0000E+00
       8.0000   0.0000E+00
       8.4595   0.0000E+00
       8.8924   0.0000E+00
       8.9000   0.0000E+00
       9.0000   0.0000E+00
       9.3054   0.0000E+00
      10.0000   0.0000E+00
      10.2360   0.0000E+00
      11.0000   0.0000E+00
      11.2596   0.0000E+00
      11.3000   0.0000E+00
      11.7000   0.0000E+00
      11.7500   0.0000E+00
      11.8000   0.0000E+00
      11.8521   0.0000E+00
      11.8800   0.0000E+00
      12.0000   0.0000E+00
      12.2500   0.0000E+00
      12.3855   0.0000E+00
      12.4000   0.0000E+00
      12.5000   0.0000E+00
      12.9000   0.0000E+00
      13.0000   0.0000E+00
      13.5000   0.0000E+00
      13.6241   0.0000E+00
      14.0000   0.0000E+00
      14.9865   0.0000E+00
      15.0000   0.0000E+00
      15.4000   0.0000E+00
      15.5000   0.0000E+00
      15.6000   0.0000E+00
      15.7984   0.0000E+00
      16.0000   0.0000E+00
      16.4851   0.0000E+00
      16.6000   0.0000E+00
      17.0000   0.0000E+00
      18.0000   1.6667E-22
      18.1336   1.8894E-22
      19.0000   3.3333E-22
      19.5000   4.1667E-22
      19.9470   4.9117E-22
      20.0000   5.0000E-22
      21.0000   5.4000E-22
      21.0646   5.4258E-22
      21.9417   5.7767E-22
      22.0000   5.8000E-22
      23.0000   6.2000E-22
      24.0000   6.6000E-22
      24.1359   6.6543E-22
      25.0000   7.0000E-22
      26.0000   7.5000E-22
      26.5494   7.7747E-22
      27.0000   8.0000E-22
      28.0000   8.5000E-22
      28.1305   8.5653E-22
      29.0000   9.0000E-22
      29.2044   9.1022E-22
      30.0000   9.5000E-22
      31.0000   9.7000E-22
      32.0000   9.9000E-22
      32.1248   9.9250E-22
      33.0000   1.0100E-21
      34.0000   1.0300E-21
      35.0000   1.0500E-21
      35.3373   1.0567E-21
      36.0000   1.0700E-21
      37.0000   1.0900E-21
      37.4629   1.0993E-21
      38.0000   1.1100E-21
      39.0000   1.1300E-21
      40.0000   1.1500E-21
      41.0000   1.1600E-21
      42.0000   1.1700E-21
      43.0000   1.1800E-21
      44.0000   1.1900E-21
      45.0000   1.2000E-21
      46.0000   1.2100E-21
      47.0000   1.2200E-21
      48.0000   1.2300E-21
      49.0000   1.2400E-21
      49.9950   1.2499E-21
      50.0000   1.2500E-21
      51.0000   1.2550E-21
      52.0000   1.2600E-21
      53.0000   1.2650E-21
      53.0060   1.2650E-21
      54.0000   1.2700E-21
      55.0000   1.2750E-21
      56.0000   1.2800E-21
      57.0000   1.2850E-21
      58.0000   1.2900E-21
      59.0000   1.2950E-21
      60.0000   1.3000E-21
      61.0000   1.3000E-21
      62.0000   1.3000E-21
      63.0000   1.3000E-21
      64.0000   1.3000E-21
      65.0000   1.3000E-21
      66.0000   1.3000E-21
      66.6600   1.3000E-21
      67.0000   1.3000E-21
      68.0000   1.3000E-21
      69.0000   1.3000E-21
      70.0000   1.3000E-21
      71.0000   1.2983E-21
      72.0000   1.2967E-21
      73.0000   1.2950E-21
      74.0000   1.2933E-21
      75.0000   1.2917E-21
      76.0000   1.2900E-21
      77.0000   1.2883E-21
      78.0000   1.2867E-21
      79.0000   1.2850E-21
      79.5089   1.2842E-21
      80.0000   1.2833E-21
      81.0000   1.2817E-21
      82.0000   1.2800E-21
      83.0000   1.2783E-21
      84.0000   1.2767E-21
      85.0000   1.2750E-21
      86.0000   1.2733E-21
      87.0000   1.2717E-21
      88.0000   1.2700E-21
      88.9244   1.2685E-21
      89.0000   1.2683E-21
      90.0000   1.2667E-21
      91.0000   1.2650E-21
      92.0000   1.2633E-21
      93.0000   1.2617E-21
      94.0000   1.2600E-21
      95.0000   1.2583E-21
      96.0000   1.2567E-21
      97.0000   1.2550E-21
      98.0000   1.2533E-21
      99.0000   1.2517E-21
     100.0000   1.2500E-21
     101.0000   1.2470E-21
     118.5215   1.1944E-21
     119.2634   1.1922E-21
     125.0000   1.1750E-21
     150.0000   1.1000E-21
     157.9842   1.0681E-21
     178.8951   9.8442E-22
     200.0000   9.0000E-22
     210.6456   8.7871E-22
     268.3427   7.6331E-22
     280.6386   7.3872E-22
     300.0000   7.0000E-22
     374.6292   6.2537E-22
     400.0000   6.0000E-22
     402.5140   5.9749E-22
     499.9500   5.0005E-22
     500.0000   5.0000E-22
     600.0000   4.5000E-22
     603.7711   4.4811E-22
     666.6000   4.1670E-22
     700.0000   4.0000E-22
     800.0000   3.8667E-22
     889.2444   3.7477E-22
     900.0000   3.7333E-22
     905.6568   3.7258E-22
    1000.0000   3.6000E-22
    1185.2148   2.9703E-22
    1358.4848   2.3812E-22
    1500.0000   1.9000E-22
    1580.5086   1.8420E-22
    2000.0000   1.5400E-22
    2037.7275   1.5245E-22
    2107.7892   1.4958E-22
    2811.0522   1.2075E-22
    3000.0000   1.1300E-22
    3056.5910   1.1187E-22
    3748.2918   9.8034E-23
    4584.8861   8.1302E-23
    4998.8334   7.3023E-23
    5000.0000   7.3000E-23
    6666.0000   5.8839E-23
    6877.3322   5.7043E-23
    7000.0000   5.6000E-23
   10000.0000   4.2000E-23
 1000000.0000   4.2000E-23
  
       0.0000   0.0000E+00
       0.0010   0.0000E+00
       0.0020   0.0000E+00
       0.0030   0.0000E+00
       0.0050   0.0000E+00
       0.0067   0.0000E+00
       0.0070   0.0000E+00
       0.0085   0.0000E+00
       0.0100   0.0000E+00
       0.0150   0.0000E+00
       0.0200   0.0000E+00
       0.0267   0.0000E+00
       0.0300   0.0000E+00
       0.0400   0.0000E+00
       0.0440   0.0000E+00
       0.0470   0.0000E+00
       0.0500   0.0000E+00
       0.0550   0.0000E+00
       0.0600   0.0000E+00
       0.0667   0.0000E+00
       0.0700   0.0000E+00
       0.0730   0.0000E+00
       0.0750   0.0000E+00
       0.0800   0.0000E+00
       0.0850   0.0000E+00
       0.0889   0.0000E+00
       0.0900   0.0000E+00
       0.1000   0.0000E+00
       0.1100   0.0000E+00
       0.1185   0.0000E+00
       0.1200   0.0000E+00
       0.1500   0.0000E+00
       0.1580   0.0000E+00
       0.1700   0.0000E+00
       0.2000   0.0000E+00
       0.2106   0.0000E+00
       0.2500   0.0000E+00
       0.2806   0.0000E+00
       0.3000   0.0000E+00
       0.3500   0.0000E+00
       0.3746   0.0000E+00
       0.4000   0.0000E+00
       0.5000   0.0000E+00
       0.5000   0.0000E+00
       0.5160   0.0000E+00
       0.6000   0.0000E+00
       0.6666   0.0000E+00
       0.7000   0.0000E+00
       0.7540   0.0000E+00
       0.8000   0.0000E+00
       0.8892   0.0000E+00
       0.9000   0.0000E+00
       1.0000   0.0000E+00
       1.1852   0.0000E+00
       1.2000   0.0000E+00
       1.3000   0.0000E+00
       1.4000   0.0000E+00
       1.4532   0.0000E+00
       1.5000   0.0000E+00
       1.5215   0.0000E+00
       1.5798   0.0000E+00
       1.6737   0.0000E+00
       1.7000   0.0000E+00
       1.8000   0.0000E+00
       1.8410   0.0000E+00
       1.9000   0.0000E+00
       2.0000   0.0000E+00
       2.0251   0.0000E+00
       2.1000   0.0000E+00
       2.1065   0.0000E+00
       2.1500   0.0000E+00
       2.2000   0.0000E+00
       2.2276   0.0000E+00
       2.3000   0.0000E+00
       2.4504   0.0000E+00
       2.5000   0.0000E+00
       2.6954   0.0000E+00
       2.7000   0.0000E+00
       2.8000   0.0000E+00
       2.8131   0.0000E+00
       2.9650   0.0000E+00
       3.0000   0.0000E+00
       3.2615   0.0000E+00
       3.3000   0.0000E+00
       3.5876   0.0000E+00
       3.6000   0.0000E+00
       3.7000   0.0000E+00
       3.7463   0.0000E+00
       3.9464   0.0000E+00
       4.0000   0.0000E+00
       4.3410   0.0000E+00
       4.5000   0.0000E+00
       4.7752   0.0000E+00
       4.9995   0.0000E+00
       5.0000   0.0000E+00
       5.2527   0.0000E+00
       5.7779   0.0000E+00
       6.0000   0.0000E+00
       6.3557   0.0000E+00
       6.6660   0.0000E+00
       6.9913   0.0000E+00
       7.0000   0.0000E+00
       7.6904   0.0000E+00
       8.0000   0.0000E+00
       8.4595   0.0000E+00
       8.8924   0.0000E+00
       8.9000   0.0000E+00
       9.0000   0.0000E+00
       9.3054   0.0000E+00
      10.0000   0.0000E+00
      10.2360   0.0000E+00
      11.0000   0.0000E+00
      11.2596   0.0000E+00
      11.3000   0.0000E+00
      11.7000   0.0000E+00
      11.7500   0.0000E+00
      11.8000   0.0000E+00
      11.8521   0.0000E+00
      11.8800   0.0000E+00
      12.0000   0.0000E+00
      12.2500   0.0000E+00
      12.3855   0.0000E+00
      12.4000   0.0000E+00
      12.5000   0.0000E+00
      12.9000   0.0000E+00
      13.0000   0.0000E+00
      13.5000   0.0000E+00
      13.6241   0.0000E+00
      14.0000   0.0000E+00
      14.9865   0.0000E+00
      15.0000   0.0000E+00
      15.4000   0.0000E+00
      15.5000   0.0000E+00
      15.6000   0.0000E+00
      15.7984   0.0000E+00
      16.0000   0.0000E+00
      16.4851   6.3065E-23
      16.6000   7.8000E-23
      17.0000   1.3000E-22
      18.0000   3.0000E-22
      18.1336   3.2205E-22
      19.0000   4.6500E-22
      19.5000   5.4750E-22
      19.9470   6.2125E-22
      20.0000   6.3000E-22
      21.0000   7.9000E-22
      21.0646   8.0033E-22
      21.9417   9.4067E-22
      22.0000   9.5000E-22
      23.0000   1.0687E-21
      24.0000   1.1875E-21
      24.1359   1.2036E-21
      25.0000   1.3062E-21
      26.0000   1.4250E-21
      26.5494   1.4902E-21
      27.0000   1.5437E-21
      28.0000   1.6625E-21
      28.1305   1.6780E-21
      29.0000   1.7812E-21
      29.2044   1.8055E-21
      30.0000   1.9000E-21
      31.0000   1.9300E-21
      32.0000   1.9600E-21
      32.1248   1.9637E-21
      33.0000   1.9900E-21
      34.0000   2.0200E-21
      35.0000   2.0500E-21
      35.3373   2.0601E-21
      36.0000   2.0800E-21
      37.0000   2.1100E-21
      37.4629   2.1239E-21
      38.0000   2.1400E-21
      39.0000   2.1700E-21
      40.0000   2.2000E-21
      41.0000   2.2100E-21
      42.0000   2.2200E-21
      43.0000   2.2300E-21
      44.0000   2.2400E-21
      45.0000   2.2500E-21
      46.0000   2.2600E-21
      47.0000   2.2700E-21
      48.0000   2.2800E-21
      49.0000   2.2900E-21
      49.9950   2.2999E-21
      50.0000   2.3000E-21
      51.0000   2.3100E-21
      52.0000   2.3200E-21
      53.0000   2.3300E-21
      53.0060   2.3301E-21
      54.0000   2.3400E-21
      55.0000   2.3500E-21
      56.0000   2.3600E-21
      57.0000   2.3700E-21
      58.0000   2.3800E-21
      59.0000   2.3900E-21
      60.0000   2.4000E-21
      61.0000   2.3950E-21
      62.0000   2.3900E-21
      63.0000   2.3850E-21
      64.0000   2.3800E-21
      65.0000   2.3750E-21
      66.0000   2.3700E-21
      66.6600   2.3667E-21
      67.0000   2.3650E-21
      68.0000   2.3600E-21
      69.0000   2.3550E-21
      70.0000   2.3500E-21
      71.0000   2.3450E-21
      72.0000   2.3400E-21
      73.0000   2.3350E-21
      74.0000   2.3300E-21
      75.0000   2.3250E-21
      76.0000   2.3200E-21
      77.0000   2.3150E-21
      78.0000   2.3100E-21
      79.0000   2.3050E-21
      79.5089   2.3025E-21
      80.0000   2.3000E-21
      81.0000   2.2900E-21
      82.0000   2.2800E-21
      83.0000   2.2700E-21
      84.0000   2.2600E-21
      85.0000   2.2500E-21
      86.0000   2.2400E-21
      87.0000   2.2300E-21
      88.0000   2.2200E-21
      88.9244   2.2108E-21
      89.0000   2.2100E-21
      90.0000   2.2000E-21
      91.0000   2.1900E-21
      92.0000   2.1800E-21
      93.0000   2.1700E-21
      94.0000   2.1600E-21
      95.0000   2.1500E-21
      96.0000   2.1400E-21
      97.0000   2.1300E-21
      98.0000   2.1200E-21
      99.0000   2.1100E-21
     100.0000   2.1000E-21
     101.0000   2.0930E-21
     118.5215   1.9703E-21
     119.2634   1.9652E-21
     125.0000   1.9250E-21
     150.0000   1.7500E-21
     157.9842   1.7101E-21
     178.8951   1.6055E-21
     200.0000   1.5000E-21
     210.6456   1.4681E-21
     268.3427   1.2950E-21
     280.6386   1.2581E-21
     300.0000   1.2000E-21
     374.6292   1.0694E-21
     400.0000   1.0250E-21
     402.5140   1.0206E-21
     499.9500   8.5009E-22
     500.0000   8.5000E-22
     600.0000   7.6000E-22
     603.7711   7.5661E-22
     666.6000   7.0006E-22
     700.0000   6.7000E-22
     800.0000   6.2000E-22
     889.2444   5.7538E-22
     900.0000   5.7000E-22
     905.6568   5.6717E-22
    1000.0000   5.2000E-22
    1185.2148   4.6999E-22
    1358.4848   4.2321E-22
    1500.0000   3.8500E-22
    1580.5086   3.7292E-22
    2000.0000   3.1000E-22
    2037.7275   3.0683E-22
    2107.7892   3.0095E-22
    2811.0522   2.4187E-22
    3000.0000   2.2600E-22
    3056.5910   2.2385E-22
    3748.2918   1.9756E-22
    4584.8861   1.6577E-22
    4998.8334   1.5004E-22
    5000.0000   1.5000E-22
    6666.0000   1.2001E-22
    6877.3322   1.1621E-22
    7000.0000   1.1400E-22
   10000.0000   8.5000E-23
 1000000.0000   8.5000E-23
  
       0.0000   0.0000E+00
       0.0010   0.0000E+00
       0.0020   0.0000E+00
       0.0030   0.0000E+00
       0.0050   0.0000E+00
       0.0067   0.0000E+00
       0.0070   0.0000E+00
       0.0085   0.0000E+00
       0.0100   0.0000E+00
       0.0150   0.0000E+00
       0.0200   0.0000E+00
       0.0267   0.0000E+00
       0.0300   0.0000E+00
       0.0400   0.0000E+00
       0.0440   0.0000E+00
       0.0470   0.0000E+00
       0.0500   0.0000E+00
       0.0550   0.0000E+00
       0.0600   0.0000E+00
       0.0667   0.0000E+00
       0.0700   0.0000E+00
       0.0730   0.0000E+00
       0.0750   0.0000E+00
       0.0800   0.0000E+00
       0.0850   0.0000E+00
       0.0889   0.0000E+00
       0.0900   0.0000E+00
       0.1000   0.0000E+00
       0.1100   0.0000E+00
       0.1185   0.0000E+00
       0.1200   0.0000E+00
       0.1500   0.0000E+00
       0.1580   0.0000E+00
       0.1700   0.0000E+00
       0.2000   0.0000E+00
       0.2106   0.0000E+00
       0.2500   0.0000E+00
       0.2806   0.0000E+00
       0.3000   0.0000E+00
       0.3500   0.0000E+00
       0.3746   0.0000E+00
       0.4000   0.0000E+00
       0.5000   0.0000E+00
       0.5000   0.0000E+00
       0.5160   0.0000E+00
       0.6000   0.0000E+00
       0.6666   0.0000E+00
       0.7000   0.0000E+00
       0.7540   0.0000E+00
       0.8000   0.0000E+00
       0.8892   0.0000E+00
       0.9000   0.0000E+00
       1.0000   0.0000E+00
       1.1852   0.0000E+00
       1.2000   0.0000E+00
       1.3000   0.0000E+00
       1.4000   0.0000E+00
       1.4532   0.0000E+00
       1.5000   0.0000E+00
       1.5215   0.0000E+00
       1.5798   0.0000E+00
       1.6737   0.0000E+00
       1.7000   0.0000E+00
       1.8000   0.0000E+00
       1.8410   0.0000E+00
       1.9000   0.0000E+00
       2.0000   0.0000E+00
       2.0251   0.0000E+00
       2.1000   0.0000E+00
       2.1065   0.0000E+00
       2.1500   0.0000E+00
       2.2000   0.0000E+00
       2.2276   0.0000E+00
       2.3000   0.0000E+00
       2.4504   0.0000E+00
       2.5000   0.0000E+00
       2.6954   0.0000E+00
       2.7000   0.0000E+00
       2.8000   0.0000E+00
       2.8131   0.0000E+00
       2.9650   0.0000E+00
       3.0000   0.0000E+00
       3.2615   0.0000E+00
       3.3000   0.0000E+00
       3.5876   0.0000E+00
       3.6000   0.0000E+00
       3.7000   0.0000E+00
       3.7463   0.0000E+00
       3.9464   0.0000E+00
       4.0000   0.0000E+00
       4.3410   0.0000E+00
       4.5000   0.0000E+00
       4.7752   0.0000E+00
       4.9995   0.0000E+00
       5.0000   0.0000E+00
       5.2527   0.0000E+00
       5.7779   0.0000E+00
       6.0000   0.0000E+00
       6.3557   0.0000E+00
       6.6660   0.0000E+00
       6.9913   0.0000E+00
       7.0000   0.0000E+00
       7.6904   0.0000E+00
       8.0000   0.0000E+00
       8.4595   0.0000E+00
       8.8924   0.0000E+00
       8.9000   0.0000E+00
       9.0000   0.0000E+00
       9.3054   0.0000E+00
      10.0000   0.0000E+00
      10.2360   0.0000E+00
      11.0000   0.0000E+00
      11.2596   0.0000E+00
      11.3000   0.0000E+00
      11.7000   0.0000E+00
      11.7500   0.0000E+00
      11.8000   0.0000E+00
      11.8521   0.0000E+00
      11.8800   0.0000E+00
      12.0000   0.0000E+00
      12.2500   0.0000E+00
      12.3855   0.0000E+00
      12.4000   0.0000E+00
      12.5000   0.0000E+00
      12.9000   0.0000E+00
      13.0000   0.0000E+00
      13.5000   0.0000E+00
      13.6241   0.0000E+00
      14.0000   0.0000E+00
      14.9865   0.0000E+00
      15.0000   0.0000E+00
      15.4000   0.0000E+00
      15.5000   0.0000E+00
      15.6000   0.0000E+00
      15.7984   0.0000E+00
      16.0000   0.0000E+00
      16.4851   0.0000E+00
      16.6000   0.0000E+00
      17.0000   1.2857E-23
      18.0000   4.5000E-23
      18.1336   4.6470E-23
      19.0000   5.6000E-23
      19.5000   5.7000E-23
      19.9470   5.7894E-23
      20.0000   5.8000E-23
      21.0000   5.8400E-23
      21.0646   5.8426E-23
      21.9417   5.8777E-23
      22.0000   5.8800E-23
      23.0000   5.9200E-23
      24.0000   5.9600E-23
      24.1359   5.9654E-23
      25.0000   6.0000E-23
      26.0000   6.1600E-23
      26.5494   6.2479E-23
      27.0000   6.3200E-23
      28.0000   6.4800E-23
      28.1305   6.5009E-23
      29.0000   6.6400E-23
      29.2044   6.6727E-23
      30.0000   6.8000E-23
      31.0000   6.9200E-23
      32.0000   7.0400E-23
      32.1248   7.0550E-23
      33.0000   7.1600E-23
      34.0000   7.2800E-23
      35.0000   7.4000E-23
      35.3373   7.4405E-23
      36.0000   7.5200E-23
      37.0000   7.6400E-23
      37.4629   7.6956E-23
      38.0000   7.7600E-23
      39.0000   7.8800E-23
      40.0000   8.0000E-23
      41.0000   8.1200E-23
      42.0000   8.2400E-23
      43.0000   8.3600E-23
      44.0000   8.4800E-23
      45.0000   8.6000E-23
      46.0000   8.7200E-23
      47.0000   8.8400E-23
      48.0000   8.9600E-23
      49.0000   9.0800E-23
      49.9950   9.1994E-23
      50.0000   9.2000E-23
      51.0000   9.2200E-23
      52.0000   9.2400E-23
      53.0000   9.2600E-23
      53.0060   9.2601E-23
      54.0000   9.2800E-23
      55.0000   9.3000E-23
      56.0000   9.3200E-23
      57.0000   9.3400E-23
      58.0000   9.3600E-23
      59.0000   9.3800E-23
      60.0000   9.4000E-23
      61.0000   9.4000E-23
      62.0000   9.4000E-23
      63.0000   9.4000E-23
      64.0000   9.4000E-23
      65.0000   9.4000E-23
      66.0000   9.4000E-23
      66.6600   9.4000E-23
      67.0000   9.4000E-23
      68.0000   9.4000E-23
      69.0000   9.4000E-23
      70.0000   9.4000E-23
      71.0000   9.4000E-23
      72.0000   9.4000E-23
      73.0000   9.4000E-23
      74.0000   9.4000E-23
      75.0000   9.4000E-23
      76.0000   9.4000E-23
      77.0000   9.4000E-23
      78.0000   9.4000E-23
      79.0000   9.4000E-23
      79.5089   9.4000E-23
      80.0000   9.4000E-23
      81.0000   9.3650E-23
      82.0000   9.3300E-23
      83.0000   9.2950E-23
      84.0000   9.2600E-23
      85.0000   9.2250E-23
      86.0000   9.1900E-23
      87.0000   9.1550E-23
      88.0000   9.1200E-23
      88.9244   9.0876E-23
      89.0000   9.0850E-23
      90.0000   9.0500E-23
      91.0000   9.0150E-23
      92.0000   8.9800E-23
      93.0000   8.9450E-23
      94.0000   8.9100E-23
      95.0000   8.8750E-23
      96.0000   8.8400E-23
      97.0000   8.8050E-23
      98.0000   8.7700E-23
      99.0000   8.7350E-23
     100.0000   8.7000E-23
     101.0000   8.6700E-23
     118.5215   8.1444E-23
     119.2634   8.1221E-23
     125.0000   7.9500E-23
     150.0000   7.2000E-23
     157.9842   7.0084E-23
     178.8951   6.5065E-23
     200.0000   6.0000E-23
     210.6456   5.8190E-23
     268.3427   4.8382E-23
     280.6386   4.6291E-23
     300.0000   4.3000E-23
     374.6292   3.7403E-23
     400.0000   3.5500E-23
     402.5140   3.5311E-23
     499.9500   2.8004E-23
     500.0000   2.8000E-23
     600.0000   2.4500E-23
     603.7711   2.4368E-23
     666.6000   2.2169E-23
     700.0000   2.1000E-23
     800.0000   1.9000E-23
     889.2444   1.7215E-23
     900.0000   1.7000E-23
     905.6568   1.6887E-23
    1000.0000   1.5000E-23
    1185.2148   1.3518E-23
    1358.4848   1.2132E-23
    1500.0000   1.1000E-23
    1580.5086   1.0517E-23
    2000.0000   8.0000E-24
    2037.7275   7.9245E-24
    2107.7892   7.7844E-24
    2811.0522   6.3779E-24
    3000.0000   6.0000E-24
    3056.5910   5.9434E-24
    3748.2918   5.2517E-24
    4584.8861   4.4151E-24
    4998.8334   4.0012E-24
    5000.0000   4.0000E-24
    6666.0000   3.1670E-24
    6877.3322   3.0613E-24
    7000.0000   3.0000E-24
   10000.0000   2.0000E-24
 1000000.0000   2.0000E-24
  
       0.0000   0.0000E+00
       0.0010   0.0000E+00
       0.0020   0.0000E+00
       0.0030   0.0000E+00
       0.0050   0.0000E+00
       0.0067   0.0000E+00
       0.0070   0.0000E+00
       0.0085   0.0000E+00
       0.0100   0.0000E+00
       0.0150   0.0000E+00
       0.0200   0.0000E+00
       0.0267   0.0000E+00
       0.0300   0.0000E+00
       0.0400   0.0000E+00
       0.0440   0.0000E+00
       0.0470   0.0000E+00
       0.0500   0.0000E+00
       0.0550   0.0000E+00
       0.0600   0.0000E+00
       0.0667   0.0000E+00
       0.0700   0.0000E+00
       0.0730   0.0000E+00
       0.0750   0.0000E+00
       0.0800   0.0000E+00
       0.0850   0.0000E+00
       0.0889   0.0000E+00
       0.0900   0.0000E+00
       0.1000   0.0000E+00
       0.1100   0.0000E+00
       0.1185   0.0000E+00
       0.1200   0.0000E+00
       0.1500   0.0000E+00
       0.1580   0.0000E+00
       0.1700   0.0000E+00
       0.2000   0.0000E+00
       0.2106   0.0000E+00
       0.2500   0.0000E+00
       0.2806   0.0000E+00
       0.3000   0.0000E+00
       0.3500   0.0000E+00
       0.3746   0.0000E+00
       0.4000   0.0000E+00
       0.5000   0.0000E+00
       0.5000   0.0000E+00
       0.5160   0.0000E+00
       0.6000   0.0000E+00
       0.6666   0.0000E+00
       0.7000   0.0000E+00
       0.7540   0.0000E+00
       0.8000   0.0000E+00
       0.8892   0.0000E+00
       0.9000   0.0000E+00
       1.0000   0.0000E+00
       1.1852   0.0000E+00
       1.2000   0.0000E+00
       1.3000   0.0000E+00
       1.4000   0.0000E+00
       1.4532   0.0000E+00
       1.5000   0.0000E+00
       1.5215   0.0000E+00
       1.5798   0.0000E+00
       1.6737   0.0000E+00
       1.7000   0.0000E+00
       1.8000   0.0000E+00
       1.8410   0.0000E+00
       1.9000   0.0000E+00
       2.0000   0.0000E+00
       2.0251   0.0000E+00
       2.1000   0.0000E+00
       2.1065   0.0000E+00
       2.1500   0.0000E+00
       2.2000   0.0000E+00
       2.2276   0.0000E+00
       2.3000   0.0000E+00
       2.4504   0.0000E+00
       2.5000   0.0000E+00
       2.6954   0.0000E+00
       2.7000   0.0000E+00
       2.8000   0.0000E+00
       2.8131   0.0000E+00
       2.9650   0.0000E+00
       3.0000   0.0000E+00
       3.2615   0.0000E+00
       3.3000   0.0000E+00
       3.5876   0.0000E+00
       3.6000   0.0000E+00
       3.7000   0.0000E+00
       3.7463   0.0000E+00
       3.9464   0.0000E+00
       4.0000   0.0000E+00
       4.3410   0.0000E+00
       4.5000   0.0000E+00
       4.7752   0.0000E+00
       4.9995   0.0000E+00
       5.0000   0.0000E+00
       5.2527   0.0000E+00
       5.7779   0.0000E+00
       6.0000   0.0000E+00
       6.3557   0.0000E+00
       6.6660   0.0000E+00
       6.9913   0.0000E+00
       7.0000   0.0000E+00
       7.6904   0.0000E+00
       8.0000   0.0000E+00
       8.4595   0.0000E+00
       8.8924   0.0000E+00
       8.9000   0.0000E+00
       9.0000   0.0000E+00
       9.3054   0.0000E+00
      10.0000   0.0000E+00
      10.2360   0.0000E+00
      11.0000   0.0000E+00
      11.2596   0.0000E+00
      11.3000   0.0000E+00
      11.7000   0.0000E+00
      11.7500   0.0000E+00
      11.8000   0.0000E+00
      11.8521   0.0000E+00
      11.8800   0.0000E+00
      12.0000   0.0000E+00
      12.2500   0.0000E+00
      12.3855   0.0000E+00
      12.4000   0.0000E+00
      12.5000   0.0000E+00
      12.9000   0.0000E+00
      13.0000   0.0000E+00
      13.5000   0.0000E+00
      13.6241   0.0000E+00
      14.0000   0.0000E+00
      14.9865   0.0000E+00
      15.0000   0.0000E+00
      15.4000   0.0000E+00
      15.5000   6.0732E-23
      15.6000   1.2146E-22
      15.7984   2.4197E-22
      16.0000   3.6439E-22
      16.4851   6.5901E-22
      16.6000   7.2878E-22
      17.0000   9.7171E-22
      18.0000   1.5790E-21
      18.1336   1.6602E-21
      19.0000   2.1863E-21
      19.5000   2.4900E-21
      19.9470   2.7493E-21
      20.0000   2.7800E-21
      21.0000   3.3600E-21
      21.0646   3.3932E-21
      21.9417   3.8450E-21
      22.0000   3.8750E-21
      23.0000   4.3900E-21
      24.0000   4.8150E-21
      24.1359   4.8727E-21
      25.0000   5.2400E-21
      26.0000   5.5967E-21
      26.5494   5.7926E-21
      27.0000   5.9533E-21
      28.0000   6.3100E-21
      28.1305   6.3423E-21
      29.0000   6.5575E-21
      29.2044   6.6081E-21
      30.0000   6.8050E-21
      31.0000   7.0525E-21
      32.0000   7.3000E-21
      32.1248   7.3211E-21
      33.0000   7.4687E-21
      34.0000   7.6375E-21
      35.0000   7.8063E-21
      35.3373   7.8632E-21
      36.0000   7.9750E-21
      37.0000   8.1437E-21
      37.4629   8.2219E-21
      38.0000   8.3125E-21
      39.0000   8.4813E-21
      40.0000   8.6500E-21
      41.0000   8.7250E-21
      42.0000   8.8000E-21
      43.0000   8.8750E-21
      44.0000   8.9500E-21
      45.0000   9.0250E-21
      46.0000   9.1000E-21
      47.0000   9.1750E-21
      48.0000   9.2500E-21
      49.0000   9.3250E-21
      49.9950   9.3996E-21
      50.0000   9.4000E-21
      51.0000   9.4135E-21
      52.0000   9.4270E-21
      53.0000   9.4405E-21
      53.0060   9.4406E-21
      54.0000   9.4540E-21
      55.0000   9.4675E-21
      56.0000   9.4810E-21
      57.0000   9.4945E-21
      58.0000   9.5080E-21
      59.0000   9.5215E-21
      60.0000   9.5350E-21
      61.0000   9.5485E-21
      62.0000   9.5620E-21
      63.0000   9.5755E-21
      64.0000   9.5890E-21
      65.0000   9.6025E-21
      66.0000   9.6160E-21
      66.6600   9.6249E-21
      67.0000   9.6295E-21
      68.0000   9.6430E-21
      69.0000   9.6565E-21
      70.0000   9.6700E-21
      71.0000   9.6583E-21
      72.0000   9.6467E-21
      73.0000   9.6350E-21
      74.0000   9.6233E-21
      75.0000   9.6117E-21
      76.0000   9.6000E-21
      77.0000   9.5883E-21
      78.0000   9.5767E-21
      79.0000   9.5650E-21
      79.5089   9.5591E-21
      80.0000   9.5533E-21
      81.0000   9.5417E-21
      82.0000   9.5300E-21
      83.0000   9.5183E-21
      84.0000   9.5067E-21
      85.0000   9.4950E-21
      86.0000   9.4833E-21
      87.0000   9.4717E-21
      88.0000   9.4600E-21
      88.9244   9.4492E-21
      89.0000   9.4483E-21
      90.0000   9.4367E-21
      91.0000   9.4250E-21
      92.0000   9.4133E-21
      93.0000   9.4017E-21
      94.0000   9.3900E-21
      95.0000   9.3783E-21
      96.0000   9.3667E-21
      97.0000   9.3550E-21
      98.0000   9.3433E-21
      99.0000   9.3317E-21
     100.0000   9.3200E-21
     101.0000   9.2936E-21
     118.5215   8.8310E-21
     119.2634   8.8114E-21
     125.0000   8.6600E-21
     150.0000   8.0000E-21
     157.9842   7.8595E-21
     178.8951   7.4914E-21
     200.0000   7.1200E-21
     210.6456   6.9699E-21
     268.3427   6.1564E-21
     280.6386   5.9830E-21
     300.0000   5.7100E-21
     374.6292   5.0868E-21
     400.0000   4.8750E-21
     402.5140   4.8540E-21
     499.9500   4.0404E-21
     500.0000   4.0400E-21
     600.0000   3.6000E-21
     603.7711   3.5834E-21
     666.6000   3.3070E-21
     700.0000   3.1600E-21
     800.0000   2.8967E-21
     889.2444   2.6617E-21
     900.0000   2.6333E-21
     905.6568   2.6184E-21
    1000.0000   2.3700E-21
    1185.2148   2.1292E-21
    1358.4848   1.9040E-21
    1500.0000   1.7200E-21
    1580.5086   1.6588E-21
    2000.0000   1.3400E-21
    2037.7275   1.3260E-21
    2107.7892   1.3001E-21
    2811.0522   1.0399E-21
    3000.0000   9.7000E-22
    3056.5910   9.5981E-22
    3748.2918   8.3531E-22
    4584.8861   6.8472E-22
    4998.8334   6.1021E-22
    5000.0000   6.1000E-22
    6666.0000   4.8505E-22
    6877.3322   4.6920E-22
    7000.0000   4.6000E-22
   10000.0000   3.4000E-22
 1000000.0000   3.4000E-22
  
       0.0000   0.0000E+00
       0.0010   0.0000E+00
       0.0020   0.0000E+00
       0.0030   0.0000E+00
       0.0050   0.0000E+00
       0.0067   0.0000E+00
       0.0070   0.0000E+00
       0.0085   0.0000E+00
       0.0100   0.0000E+00
       0.0150   0.0000E+00
       0.0200   0.0000E+00
       0.0267   0.0000E+00
       0.0300   0.0000E+00
       0.0400   0.0000E+00
       0.0440   0.0000E+00
       0.0470   0.0000E+00
       0.0500   0.0000E+00
       0.0550   0.0000E+00
       0.0600   0.0000E+00
       0.0667   0.0000E+00
       0.0700   0.0000E+00
       0.0730   0.0000E+00
       0.0750   0.0000E+00
       0.0800   0.0000E+00
       0.0850   0.0000E+00
       0.0889   0.0000E+00
       0.0900   0.0000E+00
       0.1000   0.0000E+00
       0.1100   0.0000E+00
       0.1185   0.0000E+00
       0.1200   0.0000E+00
       0.1500   0.0000E+00
       0.1580   0.0000E+00
       0.1700   0.0000E+00
       0.2000   0.0000E+00
       0.2106   0.0000E+00
       0.2500   0.0000E+00
       0.2806   0.0000E+00
       0.3000   0.0000E+00
       0.3500   0.0000E+00
       0.3746   0.0000E+00
       0.4000   0.0000E+00
       0.5000   0.0000E+00
       0.5000   0.0000E+00
       0.5160   0.0000E+00
       0.6000   0.0000E+00
       0.6666   0.0000E+00
       0.7000   0.0000E+00
       0.7540   0.0000E+00
       0.8000   1.7748E-24
       0.8892   5.2180E-24
       0.9000   5.6330E-24
       1.0000   9.4912E-24
       1.1852   8.8305E-22
       1.2000   9.5278E-22
       1.3000   1.4244E-21
       1.4000   1.8961E-21
       1.4532   2.1469E-21
       1.5000   2.3677E-21
       1.5215   2.4692E-21
       1.5798   2.7443E-21
       1.6737   3.1868E-21
       1.7000   3.3110E-21
       1.8000   3.7826E-21
       1.8410   3.9761E-21
       1.9000   4.2543E-21
       2.0000   4.7259E-21
       2.0251   5.4154E-21
       2.1000   7.4697E-21
       2.1065   7.6468E-21
       2.1500   8.8416E-21
       2.2000   1.0213E-20
       2.2276   1.0972E-20
       2.3000   1.2957E-20
       2.4504   1.7084E-20
       2.5000   1.8445E-20
       2.6954   2.3807E-20
       2.7000   2.3932E-20
       2.8000   2.6676E-20
       2.8131   2.7034E-20
       2.9650   3.1203E-20
       3.0000   3.2164E-20
       3.2615   4.4696E-20
       3.3000   4.6542E-20
       3.5876   6.0327E-20
       3.6000   6.0920E-20
       3.7000   6.5712E-20
       3.7463   6.7931E-20
       3.9464   7.7522E-20
       4.0000   8.0090E-20
       4.3410   9.8580E-20
       4.5000   1.0720E-19
       4.7752   1.2211E-19
       4.9995   1.3428E-19
       5.0000   1.3430E-19
       5.2527   1.4723E-19
       5.7779   1.7409E-19
       6.0000   1.8544E-19
       6.3557   2.0117E-19
       6.6660   2.1488E-19
       6.9913   2.2926E-19
       7.0000   2.2964E-19
       7.6904   2.5479E-19
       8.0000   2.6607E-19
       8.4595   2.7946E-19
       8.8924   2.9208E-19
       8.9000   2.9230E-19
       9.0000   2.9522E-19
       9.3054   3.0219E-19
      10.0000   3.1806E-19
      10.2360   3.2169E-19
      11.0000   3.3344E-19
      11.2596   3.3743E-19
      11.3000   3.3806E-19
      11.7000   3.4421E-19
      11.7500   3.4498E-19
      11.8000   3.4575E-19
      11.8521   3.4655E-19
      11.8800   3.4698E-19
      12.0000   3.4882E-19
      12.2500   3.5089E-19
      12.3855   3.5201E-19
      12.4000   3.5213E-19
      12.5000   3.5295E-19
      12.9000   3.5626E-19
      13.0000   3.5709E-19
      13.5000   3.6122E-19
      13.6241   3.6224E-19
      14.0000   3.6535E-19
      14.9865   3.6891E-19
      15.0000   3.6896E-19
      15.4000   3.7041E-19
      15.5000   3.7077E-19
      15.6000   3.7113E-19
      15.7984   3.7185E-19
      16.0000   3.7258E-19
      16.4851   3.7288E-19
      16.6000   3.7295E-19
      17.0000   3.7319E-19
      18.0000   3.7380E-19
      18.1336   3.7363E-19
      19.0000   3.7248E-19
      19.5000   3.7182E-19
      19.9470   3.7123E-19
      20.0000   3.7116E-19
      21.0000   3.6808E-19
      21.0646   3.6788E-19
      21.9417   3.6518E-19
      22.0000   3.6500E-19
      23.0000   3.6191E-19
      24.0000   3.5883E-19
      24.1359   3.5841E-19
      25.0000   3.5575E-19
      26.0000   3.5170E-19
      26.5494   3.4948E-19
      27.0000   3.4766E-19
      28.0000   3.4362E-19
      28.1305   3.4309E-19
      29.0000   3.3958E-19
      29.2044   3.3875E-19
      30.0000   3.3554E-19
      31.0000   3.3140E-19
      32.0000   3.2726E-19
      32.1248   3.2675E-19
      33.0000   3.2312E-19
      34.0000   3.1899E-19
      35.0000   3.1485E-19
      35.3373   3.1353E-19
      36.0000   3.1093E-19
      37.0000   3.0701E-19
      37.4629   3.0520E-19
      38.0000   3.0309E-19
      39.0000   2.9918E-19
      40.0000   2.9526E-19
      41.0000   2.9182E-19
      42.0000   2.8839E-19
      43.0000   2.8495E-19
      44.0000   2.8152E-19
      45.0000   2.7808E-19
      46.0000   2.7465E-19
      47.0000   2.7122E-19
      48.0000   2.6778E-19
      49.0000   2.6435E-19
      49.9950   2.6093E-19
      50.0000   2.6091E-19
      51.0000   2.5810E-19
      52.0000   2.5529E-19
      53.0000   2.5248E-19
      53.0060   2.5247E-19
      54.0000   2.4967E-19
      55.0000   2.4686E-19
      56.0000   2.4405E-19
      57.0000   2.4124E-19
      58.0000   2.3843E-19
      59.0000   2.3562E-19
      60.0000   2.3281E-19
      61.0000   2.3051E-19
      62.0000   2.2822E-19
      63.0000   2.2592E-19
      64.0000   2.2362E-19
      65.0000   2.2132E-19
      66.0000   2.1902E-19
      66.6600   2.1750E-19
      67.0000   2.1672E-19
      68.0000   2.1442E-19
      69.0000   2.1212E-19
      70.0000   2.0982E-19
      71.0000   2.0821E-19
      72.0000   2.0659E-19
      73.0000   2.0498E-19
      74.0000   2.0336E-19
      75.0000   2.0175E-19
      76.0000   2.0013E-19
      77.0000   1.9852E-19
      78.0000   1.9691E-19
      79.0000   1.9529E-19
      79.5089   1.9447E-19
      80.0000   1.9368E-19
      81.0000   1.9206E-19
      82.0000   1.9045E-19
      83.0000   1.8883E-19
      84.0000   1.8722E-19
      85.0000   1.8560E-19
      86.0000   1.8399E-19
      87.0000   1.8238E-19
      88.0000   1.8076E-19
      88.9244   1.7927E-19
      89.0000   1.7915E-19
      90.0000   1.7753E-19
      91.0000   1.7592E-19
      92.0000   1.7430E-19
      93.0000   1.7269E-19
      94.0000   1.7107E-19
      95.0000   1.6946E-19
      96.0000   1.6785E-19
      97.0000   1.6623E-19
      98.0000   1.6462E-19
      99.0000   1.6300E-19
     100.0000   1.6139E-19
     101.0000   1.6069E-19
     118.5215   1.4839E-19
     119.2634   1.4787E-19
     125.0000   1.4385E-19
     150.0000   1.2630E-19
     157.9842   1.2070E-19
     178.8951   1.0603E-19
     200.0000   9.1217E-20
     210.6456   8.9412E-20
     268.3427   7.9625E-20
     280.6386   7.7540E-20
     300.0000   7.4256E-20
     374.6292   6.1598E-20
     400.0000   5.7294E-20
     402.5140   5.6868E-20
     499.9500   4.0341E-20
     500.0000   4.0333E-20
     600.0000   3.6576E-20
     603.7711   3.6434E-20
     666.6000   3.4074E-20
     700.0000   3.2819E-20
     800.0000   2.9062E-20
     889.2444   2.5709E-20
     900.0000   2.5305E-20
     905.6568   2.5092E-20
    1000.0000   2.1548E-20
    1185.2148   2.1172E-20
    1358.4848   2.0822E-20
    1500.0000   2.0535E-20
    1580.5086   2.0372E-20
    2000.0000   1.9522E-20
    2037.7275   1.9446E-20
    2107.7892   1.9304E-20
    2811.0522   1.7880E-20
    3000.0000   1.7497E-20
    3056.5910   1.7383E-20
    3748.2918   1.5982E-20
    4584.8861   1.4288E-20
    4998.8334   1.3450E-20
    5000.0000   1.3447E-20
    6666.0000   1.0073E-20
    6877.3322   9.6455E-21
    7000.0000   9.3971E-21
   10000.0000   3.3218E-21
 1000000.0000   3.3218E-21
  
